GRC	XPR	Phli	Frequency
θεοῦ	baγ	bay	2
θεῶν	až yazdān	az yazdān	2
ἐκ γένους	čihr	čihr	2
Ἀριανῶν	Ērān	Ērān	2
βασιλέων	šāhān	šāhān	2
εἰμί	ahēm	hēm	1
δεσπότης	xwadāy	xwadāy	1
τοῦ Ἀριανῶν ἔθνους	Ērānšahr	Ērānšahr	1
βασιλέως—	šāh	šāh	1
Παπάκου	Pābag	Pābag	1
ἔγγονος	puhrēpuhr	nab	1
βασιλέως	šāh	šāh	1
Ἀρταξάρου	Ardašīr	Ardašīr	1
Μασδαασνου	mazdēzn	mazdēsn	1
υἱὸς	puhr	pus	1
Ἀναριανῶν	Anērān	Anērān	1
καὶ	ud	ud	1
βασιλεὺς	šāh	šāh	1
Σαπώρης	Šābuhr	Šābuhr	1
θεὸς	baγ	bay	1
Μασδαασνης	mazdēzn	mazdēsn	1
ἐγὼ	Az	An	1
