GRC	XPR	Phli	Frequency
καὶ	ud	u-n	2
ἔθνη ἐπ’ αὐτὴν	abar Asūriyā šahr	abar Asūriyā šahr	1
ὅσα	čē	čē	1
	ud	ud	1
	wardyāz	wardyāz	1
καὶ		ud	1
ἠρημώσαμεν	awērān kerd	awērān kerd	1
ἐκρατήσαμεν	grift	grift	1
ἐν	pad	pad	1
μιᾷ	ē≺w≻	ēw	1
τῇ ἀγωγῇ	yāwar	jār	1
ἐκείνῃ	hō	ān	1
τε καὶ	ud	ud	1
πόλεις	šahrestān	šahrestān	1
καστέλλους	diz	diz	1
ἀπὸ	až	az	1
τοῦ ἔθνους	šahr	šahr	1
Ῥωμαίων	Frōmāyīn	Hrōmāyin	1
ἐκαύσαμεν	ādurwaxt	ādursōxt	1
πάντα	hamag	hamag	1
περίχωροι	parβēr	parwār	1
ἦσαν	būd	būd	1
καὶ	ud	ud	1
τὸ ἔθνος	šahr	šahr	1
τῆς Συρίας	Asūriyā	Asūriyā	1
