GRC	XPR	Phli	Frequency
σὺν	aδ	az	5
τῇ περιχώρῳ	parβēr hamgōs	parwār hammis	4
πόλιν	šahrestān	šahrestān	4
	hamgōs	hammis	1
	parβēr	parwār	1
	aδ	az	1
	Aspōragān	Aspōragān	1
	Bīrt	Bīrt	1
Ἱεράπολιν	Manbūg	Manbūg	1
Βαρβαλισσὸν	Bēbāliš	*Bebālis	1
Σοῦραν	Sūrā	Sūrā	1
τῇ περιχώρῳ	hamgōs parβēr	parwār hammis	1
Βίρθαν Ἀσπωράκου	Bīrt-Arūbān	Bīrt *Arūbān	1
Ἀναθαν	Ānā̆t	Ānāt	1
