GRC	XPR	Phli	Frequency
καὶ	ud	ud	2
Κάρρας	Harrān	Harrān	2
ἡμᾶς	amā	amā	1
ἦλθεν	āγad	āmad	1
ἐφ’	abar	abar	1
Καῖσαρ	Kēsar	Kēsar	1
Οὐαλεριανος	Wālaraniyos	Waliyāranos	1
ἐπολιορκοῦμεν	parrūδīd	- - - -	1
Ἔδεσσα≺ν≻	Urhā	Urhā	1
ὡρμήσαμεν	ahēm wihišt	wihist hēm	1
ἐπὶ	abar	abar	1
τε καὶ	ud	ud	1
Ἔδεσσαν	Urhā	Urhā	1
ἡμεῖς	amā	amā	1
ὁπότε	kaδ	ka	1
τῇ τρίτῃ	Hridīg	sidīgar	1
δε		ud	1
ἀγωγῇ	yāwar	jār	1
