GRC	XPR	Phli	Frequency
ἀπὸ	až	az	9
ἔθνους	šahr	šahr	8
αὐτοῦ		ōy	1
μετ’	aδ	abāg	1
καὶ	ud	u-š	1
ἦσαν	būd	būd	1
ἔθνο≺υ≻ς	šahr	šahr	1
Λυσιτανίας	Afrikiyā	Afrikē	1
Ἁμαστρίας	Astriyā≺-≻	*Astriyā	1
Ἱσπανίας	Ispaniyā	Ispāniyā	1
Μυσίας	Mōsiyā	Mōsiyā	1
Παννονίας	Pannaniyā	Pannaniyā	1
Ῥετίας	Rēšiyā	Rēšiyā	1
Δακείας	Dākiyā	Dākiyā	1
Νωρικοῦ	Nīrakos	*Nōrikos	1
Γερμανῶν	Garmāniyā	Garmāniyā	1
