GRC	XPR	Phli	Frequency
καὶ	ud	ud	3
— — —γηνήν	Balāsagān	Balāsagān	1
ἔμπροσθεν	fraxš ō	frāz ō	1
ἕως	yad	tā	1
ὅλον	hamag	hamag	1
πυλῶν	bar	dar	1
Ἀλβανίαν	Ardān	Ar≺r≻ān	1
ὄρους	kōf	kōf	1
τὸ ὄρος	kōf	kōf	1
Πρεσσουαρ	Parišxwār	Parišxwār	1
Ἀλανῶν	Alānān	Alānān	1
Καπ	Kaf	Kaf	1
κατέχω	dārām	darēm	1
ἔθνη	šahr	šahr	1
Περσίδα	Pārs	Pārs	1
Παρθίαν	Parθaw	Pahlaw	1
Οὑζηνήν	Xūzestān	Xūzestān	1
Μησανηνήν	Mēšān	Mēšān	1
Ἀσσυρίαν	Asūrestān	Asūrestān	1
Ἀδιαβηνήν	Nōdšīragān	Nōdšīragān	1
Ἀραβίαν	Arbāyestān	Arbāyestān	1
Μαχελονίαν	Sīgān	Sīgān	1
Ἰβηρίαν	Wiržān	Wiruzān	1
Ἀρμενίαν	Armin	Armin	1
Ἀδουρβαδηνήν	Ādurbādegān	Ādurbāyagān	1
