GRC	XPR	Phli	Frequency
ἔθνους	šahr	šahr	12
ἀπὸ	až	az	11
ἀπο	až	az	1
Συρίας	Sūriyā	Sūriyā	1
Φρυγίας	Frūgāyā	Frūgē	1
Καππαδοκίας	Kap≺p≻ōdakiyā	Kap≺p≻ōdakiyā	1
Κιλικίας	Kīlikiyā	Kīlikiyā	1
Λυκίας	Lūkiyā	Lūkiyā	1
Γαλατίας	Galātīniyā	Galātiyā	1
Λυκαονίας	Likōniyā	Likōniyā	1
Συρίας	Isawriyā	Isawriyā	1
Καμπανίας	Pamfilāyā	*Pamfiliyā	1
Ἀσίας	Āsāyā	Āsiyā	1
Βιθυνίας	Bitūniyā	*Bitūniyā	1
Θρᾳκίας	Trākiyā	Trākiyā	1
