GRC	XPR	Phli	Frequency
ἀπὸ	až	az	8
ἔθνους	šahr	šahr	8
Ἀσίας	—-≺-≻	- - - -	1
δύναμις	zāwar	zōr	1
ἑβδομήκοντα χειλιάδων	70 hazār	70 hazār	1
Μεσοποταμίας	Maδyānrōdān	Mayānrōdān	1
Λυδίας	Rōdōs	Rōdōs	1
Γερμανίας	Garmāniyā	Garmāniyā	1
Μαυριτανίας	Mōrān	Mōrān	1
Ἀραβίας	Arabiyā	Arabiyā	1
Ἰουδαίας	Yūdāyā	Yahūdiyā	1
Φοινείκης	Fonikāyā	Fōnikiyā	1
