GRC	XPR	Phli	Frequency
καὶ	ud	ud	4
συνκλητικοὺς	sānatōr	*sanātōr	1
τόν ἔπαρχον	rabēsēf	*rabēsēf	1
αὐτοὺς ἐξηγάγομεν	wāst ahēnd	ānīd hēnd	1
εἰς	bē ō	bē ō	1
ἐν χερσὶν ἐκρατήσαμεν	dastgraβ kerd	dastgraw kerd	1
πάντας	harw	harw	1
ἦσαν	būd	būd	1
ἄρχοντες	sārār	sālār	1
τῆς δυνάμεως	zāwar	zōr	1
ἐκείνης	hō	ān	1
οἵτινες	kē	kē	1
ἡγεμόνας	hēgemōn	hēgemōn	1
τοὺς λοιποὺς	ōyādag	abārīg	1
ἐκρατήσαμεν	dastgraβ kerd	dastgraw kerd	1
χερσὶν	dast	dast	1
ἰδίαις	wxēbeh	xwēbaš	1
ἐν	pad	pad	1
ἡμεῖς	wxad	xwad	1
Καίσαρα	Kēsar	Kēsar	1
Οὐαλεριανὸν	Wālaraniyos	Waliyāranos	1
καὶ	ud	u-n	1
γέγονεν	būd	būd	1
μέγας	wuzurg		1
πόλεμος	raf	ardīg	1
Καίσαρος	Kēsar	Kēsar	1
Οὐαλεριανοῦ	Wālaraniyos	Waliyāranos	1
μετὰ	aδ	abāg	1
Ἐδέσσων	Urhā	Urhā	1
τοῦ μέρους	ārag	ālag ī	1
ἐκεῖθεν	hō	ān	1
Καρρῶν	Harrān	Harrān	1
ἐκ	až	az	1
καὶ	Ud	Ud	1
τὴν Περσίδα	Pārs	Pārs	1
