GRC	XPR	Phli	Frequency
τῇ περιχώρῳ	parβēr hamgōs	parwār hammis	5
σὺν	aδ	az	5
πόλιν	šahrestān	šahrestān	5
Μομψουεστίαν	Māmāstiyā	*Māmasastiyā	1
Aἰγέαν	Āygā	Aygiyā	1
τὴν κατ’ Ἰσὸν	Katis≺s≻os	Katis≺s≻os	1
Ἀλεξάνδριαν	Alexsandariyā	Alexsandariyā	1
Κατάβολον	Katabalā	*Katabalā	1
Σαμόσατα	Šamšāt	Šamīšāt	1
ἐκείνῃ	hō	pad ān	1
δὲ	Ud	U-n	1
ἐκρατήσαμεν	grift	grift	1
ἀπὸ	až	az	1
τοῦ ἔθνους	šahr	šahr	1
Ῥωμαίων	Frōmāyīn	Hrōmāyīn	1
τῇ ἀγωγῇ	yāwar	jār	1
