GRC	XPR	Phli	Frequency
καὶ	ud	ud	4
τῆς θα≺λ≻άσσης	zrēh	i drayā	1
τοῦ μέρους	ārag	ālag	1
Μιζουν ἔθνος	Mazūnšahr	Mazūnšahr	1
ἐκείνου	hō	ān	1
ἐξ	až	az	1
Τσατσηνῆς	Čāčestān	Čāčestān	1
Σωδικηνῆς	Suγd	Sugd	1
Κας	Kāš	Kāš	1
ἕως	yad ō	tā ō	1
Πασκιβουρων	Paškabūr	Paškabūr	1
ἔμπροσθεν	fraxš ō	frāz ō	1
ἕως	yad	tā	1
Κουσηνῶν ἔθνη	Kušānšahr	Kušānšahr	1
Ἰνδίαν	Hindestān	Hindestān	1
Παραδηνήν	Pār≺a≻dān	Pār≺a≻dān	1
Μακαραν	Mak≺u≻rān	Mak≺u≻rān	1
Τουρηνήν	Tuγrān	Tūrān	1
Σεγιστανήν	Sagestān	Sagestān	1
Κερμανζηνήν	Kermān	Kirmān	1
τὰ ἀνωτάτω ἔθνη	Abaršahr	Abaršahr	1
πάντα	hamag	hamag	1
Μαδηνήν	Māδ	Māh	1
Γουργαν	Wurgān	Gurgān	1
Ῥην	Harēw	Harēw	1
Μαρου	Marγ	Marw	1
