GRC	XPR	Phli	Frequency
καὶ	ud	ud	3
ἐν	pad	pad	2
ἀπὸ	až	az	2
τοῦ ἔθνους	šahr	šahr	1
τε καὶ	ud	ud	1
ἡμῶν	amā	amā	1
ὅπου	kū	kū	1
ἐν	pad	andar	1
ἠγάγαμεν	wāst	ānīd	1
ἁρπαγῇ	āwār	*āyār	1
Ἀναριανων τῶν	Anērān	Anērān	1
Ῥωμαίων	Frōmāyīn	Hrōmāyīn	1
τοὺς	čē	čē	1
ἀνθρώπους	mardōhmag	mardōhm	1
καὶ	Ud	U-n	1
αὐτοὺς ἀπεκαθίσαμεν	nišāst	nišāst	1
ἐκεὶ	ōδ	ānōh	1
ἦν	būd	būd	1
κτίσματα	dastgerd	dastgerd	1
προγόνων	hasēnagān	ahēnagān	1
πάππων	niyāgān	niyāgān	1
τοῦ πατρὸς	pidar	pidar	1
ἐν τοῖς ἔθνεσιν	šahr ō šahr	šahr ō šahr	1
ἑτέροις	any	any	1
τῇ Ἀσσυρίᾳ	Asūrestān	Asūrestān	1
Οὐζηνῇ	Xūzestān	Xūzestān	1
Παρθίᾳ	Parθaw	Pahlaw	1
Περσίδει	Pārs	Pārs	1
τῷ Ἀριανῶν	Ērānšahr	Ērānšahr	1
