GRC	XPR	Phli	Frequency
καὶ	ud	ud	3
ὅστις	kē	kē	1
ἵνα	kū	kū	1
ἃ	čē	čē	1
διὰ	až kerd	az kerd	1
τὴν ἡμετέραν	amā	amā	1
τὴν δεσποτείαν	xwadāyīf	xwadāyīh	1
καὶ		ud	1
τὴν ἀνδρείαν	nēwīf	nēwīh	1
τὸ ὄνομα	nām	nām	1
τοῦτο	im	ēn	1
ἔσται	bawād	bawād	1
ἡμᾶς	až-an		1
μεθ’	paš	pas	1
ἕτερα	anī-ž	anī-z	1
ἡμεῖς	amā		1
τὰ τοσαῦτα	ēd āwand	ēn and	1
τοῦτο	ēd	ēd	1
γραφῆναι	nibištan	nibištan	1
ἐκελεύσαμεν	ubdišt	framād	1
πλὴν	bēž	bē	1
ἐνεγράψαμεν	nibišt	nibišt	1
οὐκ	nē	nē	1
ἐνθάδε	ēd	ēdar	1
ἐπεποιήσαμεν	kerd	kerd	1
ἀνδρειότητα	nēwīf	nēwīh	1
πολλὰ	was	was	1
ὄνομα	nām	nām	1
πολὺ	was	was	1
ἐζητήσαμεν	wxāšt	xwāst	1
ἔθνη	šahr	šahr	1
καὶ	Ud	u-n	1
ἐπιγνώσεται	zānāh	dānād	1
