GRC	XPR	Phli	Frequency
καὶ	ud	ud	3
διὰ τοῦτο	ōh	ōh	1
κατὰ ἔθνος καὶ ἔθνος	šahr ō šahr	šahr ō šahr	1
οὕτως	ēd gōnag až	az ēn gōnag	1
οὖν	Ud	Ud	1
κατ’ ἐκεῖνο	ēd-rāδ	ēd rōy	1
	windārišn kerd	winnārišn kerd	1
	yazdān	yazdān	1
	wuzurg	wuzurg	1
	ud	ud	1
ἐποιήσαμεν	kerd	kerd	1
τὰ ἀγαθὰ	kirbagīf	kirbagīh	1
ἀνθρώποις μάγοις	moγmard	mōwmard	1
πολλοῖς	was	was	1
ἱδρύσαμεν	nišāst	nišāst	1
Γουαραθραν	Warhrān	Warhrān	1
πυρεῖα	ādur	ādur	1
πολλὰ	was	was	1
ἡμεῖς	amā-ž	amā-z	1
κατέχομεν	dārām	dārēm	1
ἐζητήσαμεν	wxāzām	xwāhēm	1
ἔθνη	šahr	šahr	1
τὰ τοσαῦτα	āwand	and	1
ταῦτα	im	ēd	1
τῶν θεῶν	yazdān	yazdān	1
τὴν βοήθιαν	pušt	pušt	1
εἰς	pad	pad	1
ἔκτισαν	karēnd	kunēnd	1
δαστικερτας	dastgerd	dastgerd	1
ἡμᾶς	amā	amā	1
οἱ θεοὶ	yazad	yazad	1
ὅτι	kū	kū	1
