GRC	XPR	Phli	Frequency
ὀνόματος συντήρησιν	pāšnām	pannām	3
καὶ	ud	ud	3
μνείαν	arwān	ruwān	3
εἰς	pad	pad	3
καλούμενον	nām	nām	3
ἓν	ēw	1	3
ἡμῶν	amā	ī amā	2
πυρεῖον	Ādur	ādur	2
εἰς τοῦτο	ēd-iž pad	ēdar-iz pad	1
υἱοῦ	puhr	pusar	1
Ἀρμενίας	Arminīn	Arminān	1
μεγάλου	wuzurg	wuzurg	1
τοῦ βασιλέως	šāh	šāh	1
τῆς θυγατρὸς	duxt	duxt	1
τῶν βασιλίσσων	bāmbišnan	bāmbišnān	1
τῆς βασιλίσσης	bāmbišn	bāmbišn	1
τὴν Ἀδουρ-αναιδ	Ādur-Anāhīd	Ādur-Anāhīd	1
ἡμετέραν	amā	amā	1
Χοστρω-σαβουρ	Husraw-Šābuhr	Husraw-Šābuhr	1
πυρεῖον	ādur	ādur	1
καθιδρύσαμεν	nišāyām	nišāyēm	1
τὸ νιβυστ	nibušt	nibišt	1
καὶ	Ud	Ud	1
τὴν Ὡρμισδαρταξιρ	Ohrmezd-Ardašīr	Ohrmezd-Ardašīr	1
Χοστρω-ορμισδαρταξειρ	Husraw-Ohrmezd-Ardašīr	Husraw-Ohrmezd-Ardašīr	1
Χοστρω-αδουραναιδ	Husraw-Ādur-Anāhīd	Husraw-ādur-Anāhīd	1
