GRC	XPR	Phli	Frequency
ἡμῶν	amā	ī amā	2
ὀνόματος συντήρησιν	pāšnām	pannām	2
καὶ	ud	ud	2
εἰς	pad	pad	2
καλούμενον	nām	nām	2
ἓν	ēw	1	2
πυρεῖον	ādur	ādur	2
Μησανηνῶν	Mēšān	Mēšān ī	1
	ud	ud	1
ἕως	yad ō	tā	1
χείλους	zamb	damb	1
τὴν μνείαν	arwān	ruwān	1
υἱοῦ	pwhr	pusar	1
θαλάσσης	zrēh	drayā	1
Τουρηνῆς	Turγestān	Tūrestān	1
Σεγιστηνῆς	Sagestān	Sagestān	1
Ἰνδίας	Hind	Hind	1
βασιλέως	šāh	šāh	1
Ναρσαίου	Narseh	Narseh	1
τὴν ἀρίαν	ēr	ēr	1
Μασδαασνου	mazdēzn	mazdēsn	1
Χοστρω-ναρση	Husraw-Narseh	Husraw-Narseh	1
μνείαν	arwān	ruwān	1
υἱοῦ	puhr	pusar	1
βασιλέως τοῦ	šāh	šāh	1
τὴν Σαβουρ	Šābuhr	Šābuhr	1
Χοστρω-σαβουρ	Husraw-Šābuhr	Husraw-Šābuhr	1
ἕτερον	any	any	1
