GRC	XPR	Phli	Frequency
ἐκεῖνο	hō	ān	2
καὶ	ud	ud	2
ἔνγραφον τοῦ ἀσφαλίσματος τῆς τειμῆς	pādixšīr	pādixšīr	1
εἰς	abar	abar	1
ὁμῶς	ōh-iž	ōh-iz	1
κατεστήσαμεν	awestād	nihād	1
ἔθος	aβδēn	ēwēn pad	1
ἐγράψαμεν	nibišt	nibišt	1
ἐκείνων	hō	ān	1
ἀπ’	až	az	1
ἐθίμων	aβδēn	ēwēn	1
γείνηται	hēb kirihēd	ēw kīrēd	1
ἵνα	kū	kū	1
ἐκελεύσαμεν	ubdēsām	framāyom	1
ἐδώκαμεν	dād	dād	1
τούτοις	imīn	imēšan	1
τοῖς πυρείοις	ādurān	ādurān	1
ἡμεῖς	amā	amā	1
ὄντων	būd	būd	1
ἡμεῖν	amā	amā	1
ἀπὸ	až	az	1
ταρκάπησιν	tarkafišn	*tarkafišn	1
χειλίων	1000	1000	1
τῶν προβάτων	akbrīd	akbrīd	1
καὶ	ud		1
πάντα	harw	harw	1
τούτοις	imīn	imešān	1
τοῖς πυρίοις	ādurān	ādurān	1
παρεσχόμεθα	dahām	dād	1
