GRC	XPR	Phli	Frequency
βασιλέως	šāh	šāh	5
καὶ		ud	4
καὶ	ud	ud	3
Σαπώρου	Šābuhr	Šābuhr	2
βασιλίσσης	bāmbišn	bāmbišn	2
εἰς	pad	pad	2
καὶ		≺ud≻	1
Mησανηνῶν	Mēšān	ī Mēšān	1
Γεληνῶν	Gēlān	≺ī≻ Gēlān	1
Γουαραθρανου	Warhrām	Warhrān	1
Δηνακης	Dēnag	Dēnag	1
τῶν βασιλισςῶν	bāmbišnān	bāmbišnān	1
Ἀδουρ-αναιδ	Ādur-Anāhīd	Ādur-Anāhid	1
τοῦ ἔθνους	šahr	ī šahr	1
τῆς βασιλίσσης	bāmbišn	bāmbišn	1
βασιλέων	šāhān	šāhān	1
Χορνανζημ	Xwar≺r≻ā̆nzēm	Xwar≺r≻ānzēm	1
Ἀρταξάρου	Ardašīr	Ardašīr	1
Παπακαν	Pābagān	≺ī≻ Pābagān	1
Παπάκου	Pābag	Pābag	1
τοῦ κυρίου	xwadāy	ī xwadāy	1
τὴν Σασάνου	Sāsān	Sāsān	1
τέσσερας	4	4	1
πασατας	pās	p≺ās≻	1
οἴνου	maδ	may	1
μόδιος εἷς ἥμισυς	ēw grīw ud 5 hōfan	g≺rīw≻ 1 h≺ōfan≻ 5	1
ἄρτων	nān	nān	1
ἓν	ēw	1	1
πρόβατον	akbrīd	akbrīd	1
ἡμερίσιον	rōž ō rōž	rōz ō rōz	1
ἡμῶν	amā	amā	1
τὴν μνείαν	arwān	ruwān	1
