GRC	XPR	Phli	Frequency
καὶ		ud	9
βασιλέως	šāh	šāh	3
τοῦ ἐκ βασιλέων	wispuhr	ī wispuhr	2
Ναρσαίου	Narseh	Narseh	2
θυγατρὸς	duxt	duxt	1
Χορνανζημ	Xwar≺r≻ā̆nzēm	ī Xwar≺r≻ānzēm	1
Γοραζ-δουκτ	Warāzduxt	Warāzduxt	1
	wisduxt	ī duxš	1
Ἀνωσακ	Anōšag	ī Anōšag	1
≺τ≻ῆς θυγατρὸς	duxt	duxt	1
Ῥωδ-δουκτκ≺α≻κ	Rōdduxt	Rōdduxt	1
κυρίας	bānūg	ī bānūg	1
μητρὸς	mād	ī mād	1
βασιλέων	šāhān	šāhān	1
Σαπώρου	Šābuhr	Šābuhr	1
Μυρρωδ	Murrōd	*Murrōd	1
Πηρώζου	Pērōz	Pērōz	1
τῆς κυρίας	bānūg	ī bānūg	1
Τιεσμακ	Čašmag	Čašmag	1
βασιλίσσης	bāmbišn	bāmbišn	1
τῆς Σεγιστανῶν	Sagān	ī Sagān	1
Σαβουρ-δουκτακ	Šābuhrduxtag	Šābuhrduxtag	1
Σεγιστηνῶν	Sagān	ī Sagān	1
Ἀρμενίας	Arminīn	Arminān	1
μεγάλου	wuzurg	ī wuzurg	1
Ὡρμισδ-αρταξάρου	Ohrmezd-Ardašīr	Ohrmezd-Ardašīr	1
