GRC	XPR	Phli	Frequency
καὶ	ud	ud	4
καὶ		ud	4
τοῦ βασιλέως	šāh	šāh	2
θυγατρὸς	duxt	duxtar	2
βασιλέως	šāh	šāh	2
τοῦ Μησανηνῶν	Mēšān	ī Mēšān	2
Ὡρμισδακ	Hormezdag	Hormezdag	2
καὶ		≺ud≻	2
πασεους	pās	p≺ās≻	1
τέσσαρας	4	4	1
οἴνου	maδ	may	1
μόδιον ἕνα ἥμισυ	ēw grīw ud 5 hōfan	g≺rīw≻ 1 h≺ōfan≻ 5	1
ἄρτων	nān	nān	1
ἕν	ēw	1	1
πρόβατον	akbrīd	akbrīd	1
τῆς μνείας	arwān	ruwān	1
Σεγιστανῶν	Sagān	Sagān	1
Ὡρμισδ-δουκτακ	Ohrmezdduxtag	Ohrmezd≺d≻uxtag	1
Σαβουρ-δουκτακ	Šābuhrduxtag	Šābuhrduxtag	1
υἱῶν	puhr	pusar	1
Πηρωζ	Pērōz	Pērōz	1
Σαβουρ	Šābuhr	Šābuhr	1
Γουαραθραν	Warhrān	Warhrān	1
Ὀδαβαχθ	Ōdābaxt	Ōdābaxt	1
Ὡρμισδ	Hormezd	Hormezd	1
Ἀρμενίων	Arminīn	ī Arminān	1
υἱοῦ	puhr	pus	1
βασιλίσσης	bāmbišn	bāmbišn	1
Σταριαδ	Staxryād	Staxryād	1
