GRC	XPR	Phli	Frequency
ἐν τόσῳ	āwadīn	andom	1
περισσεύει	pardažēd		1
ἐκεῖθεν	až ōδ	ān	1
μαγεύσωσιν	yazīdan	yaštan	1
εἰς μνείαν	arwān	ruwān	1
ἐκελεύσαμεν	ubdišt	framād	1
ἡμεῖς	amā	šāhān šāh	1
ὧν	kē	kē	1
εκείνων	hawīn	awēšān	1
εἰς	pad	pad	1
τὴν μνείαν	arwān	ruwān	1
ἐξαρκέσῃ	pattāwēd	pattāyād	1
ἕως	yad	tā	1
τὰ πρόβατα	akbrīd	akbrīd	1
κἀκεῖνα	ud hō	ud ān	1
