GRC	XPR	Phli	Frequency
Σαπώρου	Šābuhr	Šābuhr	2
καὶ	Ud	Ud	1
ἐνγέγραπται	nibišt awištēnd	nibišt ēstēd	1
τῶν	kē		1
ἐνθάδε	ēd		1
ὑπαρξάντων	būd ahēnd	būd	1
δεσποτείας	xwadāyīf		1
βασιλέως	šāh	šāh	1
επὶ	abar	abar	1
Παπάκου τῆς	Pābag	Pābag	1
Ὡριγαν	Hōragān	ī *Hōragān	1
Γοαρθανιπατ	Warhrānbād	*Warhrānbād	1
Φαρρικαν	Farragān	ī Farragān	1
Φαρρεκ	Farrag	Farrag	1
τοῦ Ἀρνηγαν	Orsigān	ī *Orsigān	1
Σασάνου	Sāsān	Sāsān	1
Ἀσπωριγαν	Aspōragān	ī Aspōragān	1
Ἀσπωρικ	Aspōrag	Aspōrag	1
Πωρικ	Puhrag	Puhrag	1
Μερδιγαν	Mardēn≺a≻gān	ī Mardēn≺a≻gān	1
Ζιγ	Zīg	*Zīg	1
τοῦ διπνοκλήτορος	niwēδbed	ī ayēnīg	1
Μεερωζινηγαν	Mihraβōzān≺a≻gān	ī Mihrōzān≺a≻gān	1
Γουεζηνιγαν	Wēzān≺a≻gān	ī Wēzān≺a≻gān	1
