GRC	XPR	Phli	Frequency
βασιλέως	šāh	šāh	4
τοῦ βασιλέως	šāh	šāh	3
μητρός	mād	mād	2
βασιλέων	šāhān	šāhān	2
Ἀρταξιρ	Ardašīr	Ardašīr	2
τῆς Ἀρταξάρου	Ardašīr	ī Ardašīr	1
Ῥωδακης	Rōdag	Rōdag	1
Παβάκου	Pābag	ī Pābag	1
Δηνικ	Dēnag	Dēnag	1
Σιγαν	Sagān	ī Sagān	1
Κερμαν	Kermān	ī Kermān	1
Μάρου	Marγ	ī Marw	1
Ἀρταξάρου	Ardašīr	Ardašīr	1
Ἀβρηναχ	Abrēnag	Abrēnag	1
ὑπαρξάντων	būd ahēnd	bud	1
Σαταροπτ	Sadāluf	*Sadāluf	1
δεσποτείας	xwadāyīf		1
τῶν	kē	kē	1
επὶ	abar	abar	1
τῆς Ἀρταξάρου	Ardašīr	Ardašīr	1
