GRC	XPR	Phli	Frequency
Καρην	Kārin	ī Kārin	2
Σασαν	Sāsān	Sāsān	2
τοῦ δειπνοκλήτορος	niwēδbed	ī ayēnīg	1
Παβακ	Pābag	Pābag	1
διβιρουπτ	dibīruft	ī dibīruft	1
Μαρδ	Mard	*Mard	1
ἀπὸ Δουμβαουνδ	Dunbāwand-iž		1
Γηλιμαν	Gēlmān		1
σπαπίτου	spāδbed	ī spāhbed	1
Ῥοξ	Raxš	Raxš	1
Ἀρταξιρουφρ	Ardašīr-Farr	ī Ardašīr-Farr	1
Ἀβουρσαμ	Abursām	Abursān	1
Γωωκ	Gōg	Gōg	1
Πηρωζ	Pērōz	Pērōz	1
δεσπότου	xwadāy	xwadāy	1
Ἰνδηγαν	Andēgān	ī Andēgān	1
Σουρην	Sūrēn	ī Sūrēn	1
Γοράζου	Wārāz	ī Wārāz	1
Δηην	Dēhēn	Dēhēn	1
ἁζαροπτ	hazāruft	ī hazāruft	1
Παβάκου	Pābag	Pābag	1
βιδιξ	bidaxš	bidaxš ī	1
Ἀρταξιρ	Ardašīr	Ardašīr	1
Παπακαν	Pābagān	ī Pābagān	1
βασιλίσσης	bāmbišn	bāmbišn	1
Δηνακης	Dēnag	Dēnag	1
βασιλισςῶν	bāmbišnān	ī bāmbišnān	1
