GRC	XPR	Phli	Frequency
τοῦ ἐπὶ τοῦ οἴνου	maδugdār	ī mayyār	1
Διεην	J̆̆ahēn	Jahēn	1
τοῦ ἐπὶ τῆς ἀννώνης	grastbed	ī grastbed	1
Χουδικ	Hudug	*Hudug	1
τοῦ ἐπὶ τοῦ κυνηγίου	naxčīrbed	ī naxčirbed	1
Σαγβους	Sagbus	Sagbus	1
Ζαβρικαν	Zabr≺a≻gān	ī Zabr≺a≻gān	1
Ζηκ	Zīg	Zig	1
Τουσσεριγαν	Tōsar≺a≻gān	ī Tōsar≺a≻gān	1
Mεερ≺ι≻κ	Mihrag	Mihrag	1
τοῦ ἐπὶ τῆς πάθνης	āxwarrbed	ī āxwarrbed	1
Οὐαρδαν	Wardān	*Wardān	1
τοῦ δικαστοῦ	dādβar	ī dādwar	1
Τζερικ	Čihrag	Čihrag	1
τοῦ ζηνιπιτ	zēnbed	ī zēnbed	1
Δηραν	Dirān	Dirām	1
μαιγανπεδ	māδagānbed	ī māyānbed	1
Χουμαφρατ	Hōmfraδād	*Homfrād	1
Μερχουάστου	Mihrxwāšt	Mihrxwāst	1
Βερησιγαν τοῦ	Barēsagān	ī Barēsagān	1
τοῦ Οὐιφεριγαν	Farragān	ī Farragān	1
Οὐιφερου	Wifr	Wifr	1
Παζηρου	Pāčihr	Pā≺k≻čihr	1
Γουασπεριγαν	Wisfarr≺a≻gān	ī Wisfarr≺a≻gān	1
