GRC	XPR	Phli	Frequency
Ἀρταξάρου	Ardašīr	Ardašīr	2
τοῦ ἐγ βασιλέων υἱοῦ	wispuhr	ī wispuhr	1
Παβάκου	Pābagān	ī Pābagān	1
Οὐαλάσσου	Wala≺x≻š	Wala≺x≻š	1
τῆς Ἰβηρίας	Wiržān	Wiruzān	1
τοῦ βασιλέως	šāh	šāh	1
Ἀμαζασπου	≺H≻amāzāsp	≺H≻amāzāsp	1
Σαπωρ	Šābuhr	Šābuhr	1
δαστικιρτ	dastgerd	dastgerd	1
Μησων	Mēšān	ī Mēšān	1
βασιλίσση≺ς≻	bāmbišn	bāmbišn	1
Δηνακη≺ς≻	Dēnag	Dēnag	1
τῆς Κιρμανζηνῆς	Kermān	ī Kermān	1
βασιλέως	šāh	šah	1
βασιλέως	šāh	šāh	1
τῆς Ἀδιαβηνῆς	Nōdšīragān	Nodšīragān ī	1
γεγονότων	būd	bud	1
τῶν	kē	kē	1
ὑπὸ	abar	abar	1
τὴν δεσποτείαν ἡμῶν	amā xwadāyīf	Šābuhr šāhān šāh	1
