GRC	XPR	Phli	Frequency
τοῦ ἐγ βασιλέων	wispuhr	ī wispuhr	3
Ναρσαίου	Narseh	Narseh	2
Σασάνου	Sāsān	Sāsān	2
Σαβουργαν	Šābuhr≺a≻gān	ī Zādspraxm≺a≻gān	1
τραφέντος	derd	dāšt	1
≺εἰ≻ς	pad	pad	1
Παρικαν	Farragān	Farragān	1
ἀνατραφέντος	derd	dāšt	1
εἰς	čē pad	pad	1
πιτιάξου	bidaxš	ī bidaxš	1
Σαπωρ	Šābuhr	Šābuhr	1
Γουραζ	Wārāz	ī Wārāz	1
Ἀρταξαρ	Ardašīr	Ardašīr	1
ἀσπιπίδου	aspbed	ī aspbed	1
Πηρώζου	Pērōz	Pērōz	1
ἁζαρίπτου	hazāruft	ī hazāruft	1
Παβάκου	Pābag	Pābag	1
Πηρωζιγαν	Pērōzgan	ī Pērōzgan	1
Κιδουκαν	Kadugān	Kadugān	1
τοῦ ἐγ βασιλέω≺ν≻	wispuhr	ī wispuhr	1
