GRC	XPR	Phli	Frequency
Ἀρταξαρ	Ardašīr	Ardašīr	4
σατράπου	šahrab	šasab	2
Νι-σαβωρ	Nēw-Šābuhr	ī Nēw-Šābuhr	1
Tιασμικ	Čašmag	Čašmag	1
Γωμαν	Gō≺y≻mān	ī *Gō≺y≻mān	1
Ταμ-σαβουρ	Tahm-Šābuhr	ī Tahm-Šābuhr	1
Παζηρ	Pāčihr	Pā≺k≻čihr	1
Ἀρταξαρισνουμ	Ardašīr-Šnōm	ī Ardašīr-Šnōm	1
Σαιμούστου	Šāmust	ī Šāhmust	1
Στρηδω	Sridōy	*Sridōy	1
Γουε-αντιοχ-σαβωρ	Weh-Andiyō̆k-Šābuhr	ī Weh-Andiyōk-Šābuhr	1
Φρείκου	Frīg	Frīg	1
ἐπιτρόπου	framādār	ī framādār	1
Γοαννάμου	Wohnām	Wohnām	1
Καρην	Kārin	ī Kārin	1
κυρίου	xwadāy	xwadāy	1
Ἀνδηγαν	Andēgan	ī Andēgān	1
Ναρσαίου	Narseh	Narseh	1
Σουρην	Sūrēn	ī Sūrēn	1
