GRC	XPR	Phli	Frequency
Σαρακάρτων	Šahrkerd	ī Šahrkerd	1
Οὐισπερηγαν	Wisfarr≺a≻gān	ī Wisfarr≺a≻gān	1
Παπάκου	Pābag	Pābag	1
πιτυάξου	bidaxš	ī bidaxš	1
Κιρδιστρω	Kerdsraw	Kerdsraw	1
σατράπου	šahrab	šasab	1
Γη	Gaβ	ī Gay	1
Γουαρζιν	Wā̆rzan	*Wārzan	1
Πηρωσαβωρ	Pērōz-Šābuhr	ī Pērōz-Šābuhr	1
Σονβεδηγαν	Šanbidgān	ī Šanbidgān	1
καὶ	ud		1
Παβις	Pābič	Pābīg	1
Ῥισμαωδ	Razmayōd		1
Ἀβγαν	Ēwagān	ī *Ēwagān	1
Γυνδιφερ	Gundifarr	Gundifarr	1
τοῦ ἀπὸ Τουμβαούντων	Dumbāwand-iž	ī Dumbāwan-iz	1
Ἀρταβάνου	Ardaβān	Ardawān	1
δειπνοκλήτορος	niwēδbed	ī ayēnīg	1
Ζικ	Zīg	Zīg	1
καστελλοφύλακος	dizbed	dizbed	1
Τιρμερ	Tīrmihr	Tīrmihr	1
Σαπωρ-σνουμ	Šābuhr-Šnōm	ī Šābuhr-Šnōm	1
Γοανναμ	Wohnām	Wohnām	1
