GRC	XPR	Phli	Frequency
Ναρσαίου	Narseh	Narseh	2
σατράπου	šahrab	šasab	2
Ναρσηγαν	Narsehgān	ī Narsehgān	1
Σαβωρ	Šābuhr	Šābuhr	1
Βαρριγαν	Barragān	Barragān	1
τοῦ ἐπὶ τῶν δριγαιων	darīgān sārār	i darīgān sālār	1
Ἀβουρσαμ-σαβωρ	Abursām Šābuhr	Abursām ī Šabuhr	1
Γυιφεριγαν	Wifr≺a≻gān	ī *Wifr≺a≻gān	1
Ἀρταξάρου	Ardašīr	Ardašīr	1
Ῥαστιγαν	Rastagān	ī Rastagān	1
Διωμερδου	J̆̆ōymard	J̆ōymard	1
τοῦ επὶ τῆς ὑπηρεσίας	parištagbed	ī paristagbed	1
Γουλβαδ	Wardbed	Wardbed	1
Ἀμιδαν	Hamadān	ī Hamadān	1
Τιανικ	Tiyānag	Tiyānag	1
Ῥινδ	Rind	ī Rind	1
σπαθοφόρου τοῦ	safsērdār	ī šafšēlār	1
Παπάκου	Pābag	Pābag	1
ἁνδαρζαβιδ	handarzbed	handarzbed	1
Ἰησδιβαδ	Yaz≺a≻dbed	Yazadbed	1
βασιλισσῶν	bāmbišnān	ī bānūgān	1
Σλωκαν	Selūkān	ī Selūkān	1
Οὐαλάσου	Wala≺x≻š	Wala≺x≻š	1
