GRC	XPR	Phli	Frequency
ἐπιτρόπου	framādār	ī framādār	1
Σαπώρου	Šābuhr	Šābuhr	1
γανζοφύλακος	ganzβar	ī ganzwar	1
Μεερχουαστ	Mihrxwāšt	Mihrxwāst	1
Πιτιξιγαν	bidaxšgān	ī bidaxšgān	1
Ἀρταξάρου	Ardašīr	Ardašīr	1
σατράπου	šahrab	šasab	1
Γυε-αρταξάρων	Weh-Ardašīr	ī Weh-Ardašīr	1
Ῥαστακ	Rastag	Rastag	1
μάγου	ēhrbed	ī ēhrbed	1
Καρτειρ	Kerdīr	Kerdīr	1
Δησβηδιγαν	dizbedgān	ī dizbedgān	1
Ἀβ≺δ≻αγας	Abdaxš	*Ēwaxš	1
Πασφερδιγαν	Pāsfardgān	ī *Pāsfalgān	1
Πασφερδ	Pāsfard	*Pāsfal	1
θυρουροῦ	barbed	ī darbed	1
Παπακ	Pābag	Pābag	1
τοῦ ἐπὶ τῆς φυλακῆς	zēndānīg	ī zēndānīg	1
Ναδωκ	Nāδug	Nādug	1
τοῦ ἀρχιγραμματέως	dibīrbed	ī dibīrbed	1
Ὡρμίζ≺δ≻ου	Hormezd	Hormezd	1
τοῦ ἐπὶ τῆς ἀννώνης	grastbed	ī grastbed	1
Ναρσαίου	Narseh	Narseh	1
