GRC	XPR	Phli	Frequency
Σασανγαν	Sāsāngān	ī Sāsāngān	2
ἕν	ēw		1
ὁμοῦ	ēw bidān		1
πρόβατον	akbrīd		1
οἴνου	maδ		1
πασαιους τέσσαρες	4 pās		1
μόδιον ἕνα ἥμισυ	ēw grīw ud 5 hōfan		1
ἄρτου	nān		1
γοραζιβιδ	wārāzbed	ī wārāzbed	1
Οὐαρδικ	Wardag	Gulag	1
Νασπαδιγαν	Nāšbed≺a≻gān	ī *Nāsbed≺a≻gān	1
Οὐαρδάνου	Wardān	Wardān	1
δικαστοῦ	dādβar	ī dādwar	1
Σασάνου	Sāsān	Sāsān	1
εὐνούχου	šābestān		1
Μανζικ	Mānzag		1
Γυινναρ	Winnār	Winnār	1
Βανδιγαν	Bandagān	ī Bandagān	1
Ζαρουανδατ	Zurwāndād	Zurwāndād	1
Ἰρδουαν	Ardaβān	Ardawān	1
Κιρδειρ	Kerdīr	Kerdīr	1
Γουλιβηγαν	Wardbed≺a≻gān	ī Wardbed≺a≻gān	1
Βαδου	Baγdād	Baydād	1
σατράπου	šahrab	šasab	1
Νηρηζ	Nīrīz	ī Nīrīz	1
Ἀρταξάρου	Ardašīr	Ardašīr	1
εὐνούχου	šabestān	ī šābestān	1
Οὐορωδ	Wīrōδ	Wīrōy	1
ἀγορανόμου	wāžārbed	ī wāzārbed	1
Σασαν	Sāsān	Sāsān	1
Μεεραν	Mihrān	ī Mihrān	1
ἐπὶ ἐπιστολῶν	pad frawardag dibīr	ī dibīr	1
Ἀστατ	Arštād	Arštād	1
