GRC	XPR	Phli	Frequency
καὶ	ud		8
τῶν θεῶν	yazdān		3
θρησκείας	kerdagān		2
τὰς χρείας	īr		2
ἐπὶ	abar		2
κἀκεῖνος	haw-iž		2
σπουδάζομεν	tuxšām		1
ὥσπερ	čawāγōn		1
νῦν	Awās		1
ἡμεῖς	amā		1
ἔσται	ahād		1
εὐτυχὴς	farrox		1
τῶν θεῶν	yazdān	yazdān	1
ἔσται	bawād	bawād	1
μεθ’	paš až	pas	1
ἡμᾶς	amā	amā	1
σπουδασάτω	tuxšād		1
ὅστις	kē		1
ἐπεποιησάμεθα	kerd		1
ἀνδρείαν	nēwīf		1
ὄνομα	nām		1
κατέσχαμεν	derd		1
ἐζητήσαμεν	wxāšt		1
πάντα	āwand		1
ταῦτα	im		1
τὰ ἔθνη	šahr		1
βοήθιαν	aδyāwarīf		1
εἰς	pad		1
ἐσμὲν	ahēm		1
κτίσμα	dastgerd		1
ἵνα	kū	kū	1
ἑαυτῶν ποιήσονται	karānd		1
αὐτῷ		ōy-iz	1
οἱ θεοὶ	yazad	yazad	1
ἔσονται	bawānd	bawānd	1
βοηθοὶ	aδyāwar	hayār	1
δαστικιρτην	dastgerd		1
