GRC	XPR	Phli	Frequency
καὶ	ud	ud	4
ὅτε	kaδ	ka	1
ἐξ ἐναντίας	paddēmān	handēmān	1
γέγονενbūd	būd	būd	1
πόλεμος	zambag	ardīg	1
μέγας	wuzurg	wuzurg	1
τῇ Μησιχίῃ	Mišīk	Mišīk	1
ἐν	pad	pad	1
τοὺς ὅρους	marz	marz	1
τῆς Ἀσσυρίας	Asūrestān	Asūrestān	1
εἰς	pad	pad	1
ἐπῆλθεν	āγad	āmad	1
ἡμᾶς	amā	amā	1
τὸ τῶν Ἀριανῶν ἔθνος	Ērānšahr	Ērān šahr	1
ἐπὶ	abar	abar	1
τὴν Ἀσσυρίαν	Asūrestān	Asūrestān	1
εἰς	ō	ō	1
συνέλεξεν	hangāwišn kerd	hangāwisn kerd	1
δύναμιν	zāwar	zōr	1
ἐθνῶν	šahr	šahr	1
Γερμανῶν	Garmāniyā	Garmān	1
τε καὶ	ud	ud	1
Γούθθων	Gōt	Gōt	1
τῆς Ῥωμαίων ἀρχῆς	Frōm	Hrōm	1
πάσης	hamag	hamag	1
ἀπὸ	až	az	1
Καῖσαρ	Kēsar	Kēsar	1
Γορδιανὸς	Gōrdanyos	Gōrdanyos	1
τὴν βασιλίαν ἔστημεν	awištād ahēm	ēstād hēm	1
τῶν ἐθνῶν	šahr	šahr	1
ἐπὶ	pad	pad	1
πρώτως	naxwišt	naxust	1
