GRC	XPR	Phli	Frequency
καὶ	ud	ud	2
ψυχῶν αὐτῶν ἀντίτειμα τῶν	gyān goxn	xōn gyān	1
ἐπωνομάσαμεν	nām awestād	nām nihād	1
Πηρωσ-σαβουρ	Pērōz-Šābuhr	Pērōz-Šābuhr	1
τοῦτο	ēd kerd	ēd kerd	1
διὰ	až	az	1
Μισιχην	Mišīk	Mišīk	1
ἡμεῖς	amā	amā	1
ἔστη	awestād	estād	1
φόρους	bāž	bāz	1
εἰς	pad	pad	1
ἡμεῖν	ō amā	ō amā	1
ἔδοτο	dād	dād	1
δηναρίων	dēnār	denār	1
πεντακοσίαν χειλιάδα	500 hazār	500 hazār	1
ἦλθεν	āγad	āmad	1
εἰς	ō	ō	1
παράκλησιν	nemastīg	lābag	1
ὁ Καῖσαρ	Kēsar	Kēsar	1
καὶ	Ud	Ud	1
Φίλιππος	Filip≺p≻os	Filip≺p≻os	1
