GRC	XPR	Phli	Frequency
καὶ	ud	ud	2
ἀνίλαμεν	ōžad	ōzad	1
ἐν	pad	pad	1
Βαρβαρισσῷ	Bēbāliš	*Bēbāliš	1
ἑξήκοντα χειλιάδας	60000	60000	1
δύναμιν	zāwar	zōr	1
Ῥωμαίων	Frōmāyīn	Hrōmāyin	1
ὡρμήσαμεν	wihišt ahēm	wihist hēm	1
τῶν Ῥωμαίων	Frōmāyīn	Hrōmāyin	1
τὸ ἔθνος	šahr	šahr	1
ἐπὶ	abar	abar	1
ἡμεῖς	amā	amā	1
ἐποίησεν	kerd	kerd	1
ἀδικίαν	winās	wināh	1
τὴν Ἀρμενίαν	Armin	Armin	1
εἰς	ō	ō	1
ἐψεύσατο	druxt	druxt	1
πάλιν	bid	did	1
ὁ Καῖσαρ	Kēsar	Kēsar	1
καὶ	Ud	Ud	1
