place_id	label	type	certainty	attestations	lines	greek_forms	parthian_forms	mp_forms	pleiades_id	pleiades_uri	pleiades_title	wikidata_qid	wikidata_uri	wikidata_label	latitude	longitude	coord_source	coord_precision	note	glossar_lemma	huyse_type	huyse_book_page	huyse_verdict	huyse_check_note	modern_name	text_flags	huyse_flags	link_flags	resolution	n_flags
abarshahr	Abaršahr	region	certain	1	3	ἀνωτάτω ἔθνη	Abaršahr	Abaršahr	952057	https://pleiades.stoa.org/places/952057	Abarshahr	Q1452946	http://www.wikidata.org/entity/Q1452946	Abarshahr	36.202448	58.798373	pleiades	centroid	"Gk. ἀνωτάτω ἔθνη ""uppermost lands""; Sasanian province around Nishapur"	ἀνωτάτω	Adv.	118	note	The entry behind ἀνωτάτω ἔθνη = Abaršahr; Huyse files it as an adverb, not as a place lemma.			huyse-parthian-restored			1
abrenag	Abrēnag	unidentified	unidentified	1	41	Ἀβρηναχ	Abrēnag	Abrēnag											Kingdom of Sātarop (l. 41); not localizable	Ἀβρηναχ	LN	114	consistent					no-pleiades;no-wikidata;no-coordinates;identification-unidentified		4
adana	Adana (Antiochia ad Sarum)	settlement	certain	1	25	Ἄδανα	Adāniyā	Adāniyā	648548	https://pleiades.stoa.org/places/648548	Adana/Antiochia ad Sarum	Q66336728	http://www.wikidata.org/entity/Q66336728	Antiochia ad Sarum	36.9949537	35.3325011	pleiades	point		Ἄδανα	ON	115	consistent		Adana (Turkish)					0
adiabene	Nōdšīragān (Adiabene)	region	certain	2	2;44	Ἀδιαβηνήν; Ἀδιαβηνῆς	Nōdšīragān	Nōdšīragān; Nodšīragān	893935	https://pleiades.stoa.org/places/893935	Adiabene	Q149747	http://www.wikidata.org/entity/Q149747	Adiabene	36.1913213311	44.0093823647	pleiades	centroid		Ἀδιαβηνή	LN	115	consistent		Erbil (Turkish)		huyse-mp-restored;huyse-parthian-restored			2
aegeae	Aegeae (Yumurtalık)	settlement	certain	1	24	Aἰγέαν	Āygā	Aygiyā	658368	https://pleiades.stoa.org/places/658368	Aigai(ai)/Aegeae	Q404231	http://www.wikidata.org/entity/Q404231	Aegae	36.769676	35.789487	pleiades	point		Αἰγέα	ON	115	consistent		Yumurtalık (Turkish)		huyse-mp-restored			1
alans-gate	Gate of the Alans (Darial Pass)	pass	probable	1	2	Ἀλανῶν	Alānān	Alānān	863824	https://pleiades.stoa.org/places/863824	Kaspiai Pylai/Caucasiae Portae	Q1165879	http://www.wikidata.org/entity/Q1165879	Darial Gorge	42.744722	44.6225	pleiades	point	Gk. πυλῶν Ἀλανῶν; Pleiades Kaspiai Pylai / Caucasiae Portae	Ἀλανοί	VN	116	consistent				huyse-mp-restored			1
alexandria-issum	Alexandria ad Issum (İskenderun)	settlement	probable	2	14;24	Ἀλεξάνδριαν	Alexsandariyā	Alexsandariyā	658371	https://pleiades.stoa.org/places/658371	Alexandria ad Issum	Q174341	http://www.wikidata.org/entity/Q174341	İskenderun	36.5841815	36.173273	pleiades	point	l. 14 occurrence less secure than l. 24 (Ἀλεξάνδριαν τὴν κατ’ Ἰσὸν)	Ἀλεξάνδρια	ON	116	consistent		İskenderun (Turkish)		huyse-mp-restored			1
amastris	Asturia	region	uncertain	1	19	Ἁμαστρίας	Astriyā≺-≻	*Astriyā	236351	https://pleiades.stoa.org/places/236351	Asturia (region)	Q3934	http://www.wikidata.org/entity/Q3934		42.7407921889	-5.93609345954	pleiades	point	Huyse: 'fehlerhaft für f. LN: Asturia (?)' (Glossar p. 116) - a land, and not the Paphlagonian city Amastris (Pleiades 844856) this record used to point at. Komm. §19.3 weighs four candidates for ʾastriyā / Ἁμαστρίας and settles on none: Asturia in Spain (the Glossar's choice), (Am)astria on the Black Sea (what the Greek scribe understood), (H)istria at the Danube mouth, and the Istrian landscape. Its neighbours in the l. 19 contingent list are Hispania and provincia Africa. Pleiades 236351 is 'Asturia (region)', northern Iberia; Q3934 is the only item carrying that Pleiades id, under its modern name. The place_id stays 'amastris' as the historical key.	Ἀμαστρία	LN	116	corrects	Huyse reads the Greek as an error for Asturia (?) and tags it LN, a land — not the Paphlagonian city Amastris. Kommentar §19.3 weighs four candidates for the name and settles on none, so the identification stays uncertain.		mp-reconstructed;parthian-emended	huyse-error-for;huyse-query;huyse-mp-restored	identification-uncertain	Huyse reads the Greek as an error for Asturia and tags it LN, a land, while the record asserted the Paphlagonian city and plotted it there. Referent moved to Asturia and the type to region. His single query mark, and the four-way choice left open in §19.3, keep the certainty at uncertain.	6
anatha	Anatha (Ana)	settlement	certain	1	11	Ἀναθαν	Ānā̆t	Ānāt	668196	https://pleiades.stoa.org/places/668196	Aracha/Anatha/‘Harae’				34.671287	38.582516	pleiades	point	Euphrates town; Pleiades Aracha/Anatha	Ἄναθα	ON	116	consistent		ʿĀnāt (Arabic)		huyse-mp-restored	no-wikidata		2
anazarbus	Anazarbus	settlement	certain	1	26	Ἀγρίππαν	Anazarbos	Anazarbos	658378	https://pleiades.stoa.org/places/658378	Anazarbos/Caesarea/Ioustin(ian)oupolis	Q219525	http://www.wikidata.org/entity/Q219525	Anazarbus	37.256021	35.898447	pleiades	point	Gk. Ἀγρίππαν; the Iranian versions preserve Anazarbos	Ἀγρίππας	ON	114	consistent		Anavarza (Turkish)		huyse-mp-restored			1
andegan	Andēgān	unidentified	unidentified	2	42;46	Ἰνδηγαν; Ἀνδηγαν	Andēgān; Andēgan	Andēgān											Lordship of Narseh (ll. 42, 46)	Ἀνδηγαν ; Ἰνδηγαν	ON	117	consistent					no-pleiades;no-wikidata;no-coordinates;identification-unidentified		4
anemurium	Anemurium	settlement	certain	1	27	Ἀνεμοῦριν	Anīmūrīn	Anīmūrīn	648557	https://pleiades.stoa.org/places/648557	Anemurium	Q529237	http://www.wikidata.org/entity/Q529237	Anemurium	36.0242631342	32.8032861214	pleiades	point		Ἀνεμούριον	ON	117	consistent		Anamur (Turkish)		huyse-mp-restored			1
aneran	Anērān (the non-Iranian lands)	people	unidentified	2	1;30	Ἀναριανῶν; Ἀναριανων	Anērān	Anērān											Huyse files Ἀναριανοί as VN, a name of a people - exactly as he files Ἀριανοί, which this layer maps as Ērānšahr. No position can be given.	Ἀναριανοί	VN	117	consistent				huyse-mp-restored	no-pleiades;no-wikidata;no-coordinates;identification-unidentified	The record had it as ‘not a place’; Huyse treats it as a legitimate name of the same kind as Ἀριανοί. It is now a people with no determinate location, and the corpus #LOCderiv tag stands.	5
antioch-orontes	Antiochia on the Orontes	settlement	certain	1	13	Ἀντιόχιαν	Andiyō̆k	Andiyōk	658381	https://pleiades.stoa.org/places/658381	Antiochia/Theoupolis	Q200441	http://www.wikidata.org/entity/Q200441	Antioch	36.2225515	36.183214	pleiades	point		Ἀντιόχια	ON	118	confirms	Huyse distinguishes two referents: grI 15 = Antioch on the Orontes, grI 31 = Antiochia ad Cragum.			huyse-mp-restored			1
antiochia-cragum	Antiochia ad Cragum	settlement	probable	1	27	Ἀντιόχιαν	Andiyō̆kiyā	Andiyōk	648560	https://pleiades.stoa.org/places/648560	Antiochia ad Cragum	Q579389	http://www.wikidata.org/entity/Q579389	Antiochia ad Cragum	36.15330295	32.42913835	pleiades	point	Huyse: not Antioch on the Orontes; Cilicia Tracheia context	Ἀντιόχια	ON	118	confirms	Huyse distinguishes two referents: grI 15 = Antioch on the Orontes, grI 31 = Antiochia ad Cragum.			huyse-mp-restored			1
apamea-orontes	Apamea on the Orontes	settlement	certain	1	12	Ἀπαμίαν	Apōmiyā	*Apōmiyā	668335	https://pleiades.stoa.org/places/668335	Pella/Apamea	Q617550	http://www.wikidata.org/entity/Q617550	Apamea	35.4213771436	36.4024132802	pleiades	point		Ἀπάμια	ON	118	consistent		Qalʿat al-Muḍīq (Arabic)	mp-reconstructed	huyse-mp-restored			2
arabia-petraea	Arabia (Roman province)	province	certain	1	21	Ἀραβίας	Arabiyā	Arabiyā	1001942	https://pleiades.stoa.org/places/1001942	Arabia	Q221353	http://www.wikidata.org/entity/Q221353	Arabia Petraea	30.07	35.35	wikidata	centroid	Contingent in Valerian's army (l. 21)	Ἀραβία	LN	118	confirms	Huyse distinguishes two referents: grI 2 = Arbāyestān / Beth Arbaye, the other = provincia Arabia.			huyse-mp-restored;huyse-parthian-restored	pleiades-record-unlocated		3
areia	Harēw (Areia / Herat)	region	certain	1	3	Ῥην	Harēw	Harēw	961881	https://pleiades.stoa.org/places/961881	Ar(e)ia	Q654243	http://www.wikidata.org/entity/Q654243	Aria Satrapy	34.0775091826	62.3001473611	pleiades	point	The city of Herat = Pleiades 961874	Ῥη	LN	159	consistent				huyse-mp-restored			1
aristia	Arethusa (ar-Rastan)	settlement	certain	1	15	Ἀριστίαν	Aristōn	Aristōn	668199	https://pleiades.stoa.org/places/668199	Areth(o)usa	Q1867822	http://www.wikidata.org/entity/Q1867822		34.960169	36.735111	pleiades	point	Huyse: Ἀριστία steht für Ἀρέθουσα, h. ar. ar-Rastan on the Orontes. Not BAtlas 62's unlocated Aristeia/Aristion (Pleiades 614608), which this record used to point at.	Ἀριστία	ON	119	corrects	Huyse identifies it as Arethusa, modern ar-Rastan on the Orontes, not the unlocated ‘Aristeia/Aristion’ of BAtlas 62.	ar-Rastan (Arabic)		huyse-mp-restored		Huyse names Arethusa/ar-Rastan without hesitation, so the link moves and the certainty rises from uncertain to certain.	1
armenaza	Armenaza (Armanaz)	settlement	uncertain	1	13	Λαρμέναζα	Armenāž	Armenāz											Gk. Λαρμέναζα; not in Pleiades	Λαρμέναζα	ON	145	confirms	Huyse gives modern Armenāz (Syria); no Pleiades record exists for it.	Armenāz (Arabic)		huyse-mp-restored	no-pleiades;no-wikidata;no-coordinates;identification-uncertain		5
armenia	Armenia	region	certain	5	2;9;33;37;38	Ἀρμενίαν; Ἀρμενίας; Ἀρμενίων	Armin; Arminīn	Armin; Arminān	884120	https://pleiades.stoa.org/places/884120	Armenia	Q208404	http://www.wikidata.org/entity/Q208404	Kingdom of Armenia	39.5	46.5	pleiades	centroid		Ἀρμενία ; Ἀρμένιοι	LN	119	consistent				huyse-mp-restored			1
artangil	Artangil	unidentified	unidentified	1	17	Ἀρτανγιλλα	Artangiliyā	*Artangiliyā											Cappadocia / Armenia Minor context (l. 17)	Ἀρτανγιλλα (?)	ON	120	confirms	Huyse states that identification and localisation are not possible.		mp-reconstructed	huyse-unlocated;huyse-query;huyse-mp-restored	no-pleiades;no-wikidata;no-coordinates;identification-unidentified		8
asia-province	Asia (Roman province)	province	certain	1	20	Ἀσίας	Āsāyā	Āsiyā	991380	https://pleiades.stoa.org/places/991380	Asia	Q210718	http://www.wikidata.org/entity/Q210718	Asia	37.5	27.5	pleiades	centroid		Ἀσία	LN	121	corrects	The second Ἀσίας (grI 23 = corpus Line 21, the row whose Iranian cell is ‘- - - -’) is for Huyse an error for Osrhoene, not Asia.			huyse-error-for;huyse-query;huyse-mp-restored;huyse-iranian-lost		Settled by splitting the record: the l. 21 Ἀσίας is now its own place, Osrhoene, and Asia keeps the l. 20 occurrence.	4
asoristan	Asōristān (Babylonia)	region	certain	6	2;6;10;30	Συρίας; Ἀσσυρίαν; Ἀσσυρίᾳ; Ἀσσυρίας	Asūriyā; Asūrestān	Asūriyā; Asūrestān	912816	https://pleiades.stoa.org/places/912816	Babylonia	Q3627700	http://www.wikidata.org/entity/Q3627700	Asuristan	31.6283443083	45.4954067714	pleiades	point	Huyse reads grI 11 (corpus Line 10, Parth. ʾswryʾ) as Assyrien/Asūrestān.	Ἀσσυρία	LN	121	consistent			greek-absent	huyse-mp-restored;huyse-parthian-restored		Huyse reads grI 11 (corpus Line 10, Parth. ʾswryʾ) as Assyrien/Asūrestān, not the Roman province of Syria. That line now links to Asōristān; the Roman province keeps its other occurrences. Resolves the Syria/Isauria disagreement.	3
atropatene	Ādurbādagān (Media Atropatene)	region	certain	1	2	Ἀδουρβαδηνήν	Ādurbādegān	Ādurbāyagān	874597	https://pleiades.stoa.org/places/874597	Media Atropatene	Q260437	http://www.wikidata.org/entity/Q260437	Atropatene	38.0994972073	46.2170003377	pleiades	point		Ἀδουρβαδηνή	LN	115	note	The attestation line prints Ἀδουρβαλδηνήν (with λ), unlike the lemma.			huyse-mp-restored;huyse-parthian-restored			2
balasagan	Balāsagān	region	certain	1	2	— — —γηνήν	Balāsagān	Balāsagān	884869	https://pleiades.stoa.org/places/884869	Balasagan/Balasakan	Q3633213	http://www.wikidata.org/entity/Q3633213	Balasagan	39.23	48.43	wikidata	centroid	Gk. — — —γηνήν (lacuna)	Βυρασαγηνή (?)	LN	124	note	The lemma behind the corpus form ‘— — —γηνήν’ = Balāsagān.		greek-lacuna	huyse-mp-restored	pleiades-record-unlocated		3
barbalissos	Barbalissos (Balis)	settlement	certain	2	9;11	Βαρβαλισσὸν; Βαρβαρισσῷ	Bēbāliš	*Bebālis; *Bēbāliš	668208	https://pleiades.stoa.org/places/668208	Barbalissus	Q3634572	http://www.wikidata.org/entity/Q3634572	Barbalissos	35.9870271966	38.1111142153	pleiades	point	Site of the 253 CE battle	Βαρβαλισσός ; Βαρβαρισσός	ON	122	consistent			mp-reconstructed	huyse-mp-restored			2
batnae	Batnae (Sarug)	settlement	probable	1	16	Βάτναν	Batnān	Batnān	658405	https://pleiades.stoa.org/places/658405	Batnae/Markopolis	Q3636203	http://www.wikidata.org/entity/Q3636203	Batne	36.9763845	38.424374	pleiades	point	Huyse: 'Identifizierung unsicher' between Syrian Tell Baṭnān and Mesopotamian Eskī-Sarŭǵ / Suruç, the latter 'was mir wahrscheinlicher erscheint' - and it is the Pleiades place used here.	Βάτνα	ON	123	note	Huyse prefers Batnae of Osrhoene = Eskī-Sarūǰ / Suruç, the Pleiades place given here.			huyse-unlocated		Huyse calls the identification uncertain but states a preference, which is recorded here as probable; it had stood as certain.	1
beroea	Beroea (Aleppo)	settlement	certain	1	12	Βέρροιαν	Halab	Halab	658409	https://pleiades.stoa.org/places/658409	Beroia	Q41183	http://www.wikidata.org/entity/Q41183	Aleppo	36.1994053457	37.1628957376	pleiades	point		Βέρροια	ON	123	consistent		Ḥalab (Arabic)		huyse-mp-restored			1
beth-arbaye	Arbāyestān (Beth Arbaye)	region	certain	1	2	Ἀραβίαν	Arbāyestān	Arbāyestān	874340	https://pleiades.stoa.org/places/874340	Arbayestan/Beth Arbaye				36.6471317403	41.9349357859	pleiades	point	Gk. Ἀραβίαν in l. 2 = N Mesopotamian Beth Arbaye, not Roman Arabia	Ἀραβία	LN	118	confirms	Huyse distinguishes two referents: grI 2 = Arbāyestān / Beth Arbaye, the other = provincia Arabia.			huyse-mp-restored;huyse-parthian-restored	no-wikidata		3
birtha-asporakou	Birtha of Asporakos (Ḥalabīya)	settlement	certain	3	11	Βίρθαν Ἀσπωράκου	Bīrt-Arūbān; Aspōragān; Bīrt	Bīrt *Arūbān; Aspōragān; Bīrt	894185	https://pleiades.stoa.org/places/894185	Zenobia	Q903630	http://www.wikidata.org/entity/Q903630		35.6893040568	39.8215767699	pleiades	point	Bīrthā-Arūbān, the fortress the Parthian version inserts here (Huyse §11.2). It shares a place_id with Bīrthā Aspōragān in this table, so it follows the same referent - see the note in review-notes.md.	Ἀσπωράκης od. -ος ; Βίρθα	ON	121	corrects	Huyse gives Birtha Asporakou = Ḥalabīya (Zenobia) on the middle Euphrates, not the Birtha near Birecik.	Ḥalabīya (Arabic)	greek-absent;mp-reconstructed	huyse-mp-restored;huyse-parthian-restored		Unhedged identification in the Glossar, so the referent moves to Zenobia and the certainty rises to certain.	4
birtha-lycaonia	Barata (Lycaonia)	settlement	probable	1	29	Βίρθαν	Bīrt	Bīrt	648582	https://pleiades.stoa.org/places/648582	Barata	Q85745352	http://www.wikidata.org/entity/Q85745352		37.442747	33.1088365	pleiades	point	Huyse: Bīrthā, 'wohl identisch mit Βάρατα, aber Lokalisierung in h. türk. Madenşehir umstritten'. Distinct from the Euphrates Birtha of l. 11.	Βίρθα	ON	124	refines	The second Birtha (grI 33 = corpus Line 29) is probably Barata in Lycaonia; its localisation at Madenşehir is disputed.	Madenşehir (Turkish)		huyse-mp-restored		Identification sharpened to Barata; Huyse's 'wohl … umstritten' keeps it probable.	1
bithynia	Bithynia	province	certain	1	20	Βιθυνίας	Bitūniyā	*Bitūniyā	991389	https://pleiades.stoa.org/places/991389	Bithynia	Q373189	http://www.wikidata.org/entity/Q373189	Bithynia	42.5	32.5	pleiades	centroid		Βιθυνία	LN	124	consistent			mp-reconstructed	huyse-mp-restored			2
caesarea-mazaca	Caesarea Mazaca	settlement	certain	1	28	Μηιακαριρη	Kēsariyā	Kēsariyā	629035	https://pleiades.stoa.org/places/629035	Mazaka/Eusebeia/Caesarea	Q10439273	http://www.wikidata.org/entity/Q10439273	Caesarea of Cappadocia	38.72640055	35.4743607	pleiades	point	Gk. Μηιακαριρη (corrupt) = Mazaka-Kaisareia	Μηιακαριρη	ON	147	confirms	The corrupt Greek form stands for Caesarea (Mazaca).						0
cappadocia	Cappadocia	province	certain	3	16;20;23	Καππαδοκίας	Kap≺p≻ōdakiyā	Kap≺p≻ōdakiyā	991402	https://pleiades.stoa.org/places/991402	Cappadocia	Q217265	http://www.wikidata.org/entity/Q217265	Cappadocia	39.9973854108	36.0833350508	pleiades	centroid		Καππαδοκία	LN	141	consistent			mp-emended;parthian-emended	huyse-mp-restored			3
carmania	Kermān (Carmania)	region	certain	3	3;41;44	Κερμανζηνήν; Κερμαν; Κιρμανζηνῆς	Kermān	Kirmān; Kermān	29517	https://pleiades.stoa.org/places/29517	Carmania	Q1734044	http://www.wikidata.org/entity/Q1734044	Carmania Satrapy	27.4992930482	57.0291406073	pleiades	centroid		Κερμαν ; Κερμανζηνή ; Κιρμανζηνή	LN	143	consistent							0
carrhae	Carrhae (Harran)	settlement	certain	2	18;22	Κάρρας; Καρρῶν	Harrān	Harrān	658427	https://pleiades.stoa.org/places/658427	Harran/Carrhae	Q199547	http://www.wikidata.org/entity/Q199547	Harran	36.8635943094	39.0307496505	pleiades	point		Κάρραι	ON	141	consistent		Haran (Turkish)		huyse-mp-restored			1
castabala	Hierapolis Castabala	settlement	certain	1	26	Καστάβαλα	Kastābalā	Kastābalāy	658481	https://pleiades.stoa.org/places/658481	Hierapolis/Kastabala	Q948243	http://www.wikidata.org/entity/Q948243	Castabala	37.176408	36.1873455	pleiades	point		Καστάβαλα	ON	141	consistent		Bodrum Kale (Turkish)					0
caucasian-albania	Ar(r)ān (Caucasian Albania)	region	certain	1	2	Ἀλβανίαν	Ardān	Ar≺r≻ān	863731	https://pleiades.stoa.org/places/863731	Albania	Q177076	http://www.wikidata.org/entity/Q177076	Caucasian Albania	41.3807786927	48.1582858787	pleiades	point		Ἀλβανία	LN	116	consistent			mp-emended	huyse-mp-restored			2
caucasus	Caucasus Mountains	mountain	certain	1	2	Καπ	Kaf	Kaf	863766	https://pleiades.stoa.org/places/863766	Caucasus (mountain range)	Q5477	http://www.wikidata.org/entity/Q5477	Caucasus Mountains	42.389803561	44.7941380396	pleiades	centroid	Gk. Καπ ὄρος	Καπ	BN	141	consistent				huyse-mp-restored			1
celenderis	Celenderis	settlement	certain	1	27	Κελένδεριν	Kīlindiros	Kīlindiros	648596	https://pleiades.stoa.org/places/648596	Celenderis	Q1738167	http://www.wikidata.org/entity/Q1738167	Kelenderis	36.144259	33.323694	pleiades	point		Κελένδερις	ON	142	consistent		Gilindire (Turkish)					0
chach	Čāčestān (Chach, Tashkent)	region	certain	1	3	Τσατσηνῆς	Čāčestān	Čāčestān				Q3986684	http://www.wikidata.org/entity/Q3986684	Chach	41.3	69.266666666	wikidata	centroid		Τσατσηνή	LN	167	consistent				huyse-mp-restored	no-pleiades		2
chalcis-belum	Chalcis ad Belum (Qinnasrin)	settlement	certain	1	12	Χαλκίδα	Kinašrā	*Kinasrā	668226	https://pleiades.stoa.org/places/668226	Chalcis ad Belum	Q979091	http://www.wikidata.org/entity/Q979091	Qinnasrin	36.007956	37.009719	pleiades	point		Χαλκίς	ON	168	consistent		Qinnasrīn (Arabic)	mp-reconstructed	huyse-mp-restored			2
cilicia	Cilicia	province	certain	2	20;23	Κιλικίας	Kīlikiyā	Kīlikiyā	991403	https://pleiades.stoa.org/places/991403	Cilicia	Q4819648	http://www.wikidata.org/entity/Q4819648	Cilicia	37.5	37.5	pleiades	centroid		Κιλικία	LN	143	consistent				huyse-mp-restored			1
circesium	Circesium	settlement	certain	1	15	Κορκουσίωνα	Kirkisiyā	Kirkīsiyā	893974	https://pleiades.stoa.org/places/893974	Circesium/Qarquza/Habora/Phaliga?	Q1092772	http://www.wikidata.org/entity/Q1092772	Circesium	35.156614	40.430045	pleiades	point		Κορκουσίων	ON	143	consistent		al-Buṣaira (Arabic)		huyse-mp-restored			1
comana-cappadocia	Comana Cappadociae	settlement	certain	1	28	Κόμανα	Kōmānāyā	Kōmānāy	628959	https://pleiades.stoa.org/places/628959	Comana/Hierapolis/Chryse	Q952748	http://www.wikidata.org/entity/Q952748	Comana	38.3313252358	36.3239848355	pleiades	point		Κόμανα	ON	143	note	Huyse gives h. türk. Şar = Comana Cappadociae, matching the Pleiades place given here.	Şar (Turkish)					0
corycus	Corycus	settlement	certain	1	25	Κώρυκον	Kōrikos	Kōrikos	648612	https://pleiades.stoa.org/places/648612	Corycus	Q2167586	http://www.wikidata.org/entity/Q2167586	Corycus	36.465278	34.154167	pleiades	point		Κώρυκος	ON	144	consistent		Korgos (Turkish)		huyse-mp-restored			1
cybistra	Cybistra	settlement	certain	1	28	Κύβιστρα	Kūbistariyā	Kūbistariyā	648614	https://pleiades.stoa.org/places/648614	Cybistra	Q65088824	http://www.wikidata.org/entity/Q65088824	Cybistra	37.589731	34.1527925	pleiades	point		Κύβιστρα	ON	144	consistent		Ereğli (Turkish)					0
cyrrhus	Cyrrhus	settlement	certain	1	13	Κύρρον	Kir≺r≻os	Kir≺r≻os	658446	https://pleiades.stoa.org/places/658446	Cyrrus/Hagioupolis	Q536924	http://www.wikidata.org/entity/Q536924	Cyrrhus	36.7450685843	36.9597132065	pleiades	point		Κύρρος	ON	144	consistent		Ḥoros (Arabic)	mp-emended;parthian-emended	huyse-mp-restored			3
dacia	Dacia	province	certain	1	19	Δακείας	Dākiyā	Dākiyā	207065	https://pleiades.stoa.org/places/207065	Dacia	Q971609	http://www.wikidata.org/entity/Q971609	Dacia	47.2589561116	23.2751830515	pleiades	centroid		Δακεία	LN	127	consistent				huyse-mp-restored			1
damavand	Mount Damāvand / Dumbāwand	mountain	certain	2	42;47	Δουμβαουνδ; Τουμβαούντων	Dunbāwand; Dumbāwand	Dumbāwan				Q40758	http://www.wikidata.org/entity/Q40758	Damavand	35.955277777	52.109166666	wikidata	centroid		Δουμβαουνδ ; Τουμβάουντα	ON	129	consistent			mp-absent	huyse-parthian-restored;huyse-iranian-lost	no-pleiades		4
dikor	Dīkōr	unidentified	unidentified	1	15	Διχωρ	Dīkōr	Dīkōr											Gk. Διχωρ (l. 15)	Διχωρ	ON	129	confirms	Huyse gives neither an identification nor a localisation.			huyse-unlocated;huyse-mp-restored	no-pleiades;no-wikidata;no-coordinates;identification-unidentified		6
doliche	Doliche (Dülük)	settlement	certain	1	15	Δολίχην	Dōlōx	Dōlīx	658455	https://pleiades.stoa.org/places/658455	Doliche	Q1235555	http://www.wikidata.org/entity/Q1235555	Doliche	37.1277922575	37.3452345777	pleiades	point		Δολίχη	ON	129	consistent		Dülük (Turkish)		huyse-mp-restored			1
domana	Domana	settlement	probable	1	16	Δόμαν	Domān	Domān	857111	https://pleiades.stoa.org/places/857111	Domana				40.212239	39.651311	pleiades	point	Huyse: 'ON: Domana, Lokalisierung unsicher'. The Pleiades point is the best available, not a secure position.	Δομαν	ON	129	downgrades	The name is secure; the localisation is uncertain.			huyse-unlocated;huyse-mp-restored	no-wikidata	Already recorded as probable, which is what Huyse’s ‘unsicher’ warrants.	3
domitiopolis	Dometiopolis (Dindebol)	settlement	certain	1	28	Δομετίου	Mōstinopolos	*Mōstinopolos	648625	https://pleiades.stoa.org/places/648625	Dometiopolis	Q120495334	http://www.wikidata.org/entity/Q120495334		36.7508845	32.753914	pleiades	point	Huyse: Dometiupolis in Isauria, h. türk. Dindebol (St. Byz. Δομετιούπολις, Ἰσαυρίας πόλις). The Iranian *Mōstinopolos transliterates gr. *Μοστινόπολις, the native name for the same town.	Δομετιούπολις	ON	129	confirms	Huyse gives Dometiupolis (Isauria, mod. Dindebol), and explains the MP *Mōstinopolos as the native name.	Dindebol (Turkish)	mp-reconstructed	huyse-mp-restored		Huyse confirms the identification and explains the Iranian form, so the record moves from uncertain-and-unlocated to a located, certain identification (Pleiades 648625, BAtlas 66 B3 Dometiopolis).	2
dura-europos	Dura-Europos	settlement	certain	1	15	Δοῦραν	Dūrā	Dūrā	893990	https://pleiades.stoa.org/places/893990	D(o)ura/Europos	Q464266	http://www.wikidata.org/entity/Q464266	Dura-Europos	34.7478848156	40.7298542823	pleiades	point		Δοῦρα	ON	129	consistent		aṣ-Ṣāliḥīya (Arabic)		huyse-mp-restored			1
ecbatana	Hamadān (Ecbatana)	settlement	uncertain	1	48	Ἀμιδαν	Hamadān	Hamadān	903021	https://pleiades.stoa.org/places/903021	Ecbatana/Hagmatana/Achmeta/Epiphaneia/Ahmadan	Q696193	http://www.wikidata.org/entity/Q696193	Ecbatana	34.80555515	48.51640575	pleiades	point	Gk. Ἀμιδαν suggests Amida; the MP reading Hamadān is adopted here	Ἀμιδαν	ON	116	consistent					identification-uncertain		1
edessa	Edessa (Urfa)	settlement	certain	2	18;22	Ἔδεσσα≺ν≻; Ἐδέσσων	Urhā	Urhā	658457	https://pleiades.stoa.org/places/658457	Edessa/Antiochia ad Callirhoem	Q1190403	http://www.wikidata.org/entity/Q1190403	Edessa	37.148633	38.786696	pleiades	point		Ἔδεσσα ; Ἔδεσσα (2)	ON	130	consistent		Urfa (Turkish)	greek-emended	huyse-mp-restored			2
elaiussa-sebaste	Elaiussa Sebaste	settlement	probable	1	25	Σηβαστὴν	Sebastiyā	Sebastiyā	648628	https://pleiades.stoa.org/places/648628	Elaioussa/Sebaste	Q1324870	http://www.wikidata.org/entity/Q1324870	Elaiussa Sebaste	36.4821815357	34.1744134408	pleiades	point		Σεβαστή	ON	162	confirms	The l. 25 occurrence is Elaiussa Sebaste.	Ayaş (Turkish)		huyse-mp-restored			1
epiphaneia-cilicia	Epiphaneia in Cilicia (Oeniandos)	settlement	certain	1	27	Ἐπιφάνιαν	Ēpīfaniyā	Ēpīfaniyā	658556	https://pleiades.stoa.org/places/658556	Oeniandos/Epiphaneia	Q1347187	http://www.wikidata.org/entity/Q1347187	Epiphania, Cilicia	36.9618923333	36.1544146667	pleiades	point	Distinct from Hamath/Epiphaneia on the Orontes (l. 14)	Ἐπιφάνια	ON	134	note	The Cilician Epiphaneia (Pleiades Oeniandos/Epiphaneia), distinct from Hamath.	Gözen (Turkish)		huyse-mp-restored			1
epiphaneia-orontes	Hamath / Epiphaneia on the Orontes (Hama)	settlement	certain	1	14	Χαμαθ	Hamāt	Hamāt	668182	https://pleiades.stoa.org/places/668182	Amathe/Epiphaneia	Q173545	http://www.wikidata.org/entity/Q173545	Hama	35.1329746	36.7488012	pleiades	point		Χαμαθ	ON	169	confirms	Χαμαθ = Hamath / Epiphaneia on the Orontes (mod. Ḥamāh), distinct from the Cilician Epiphaneia.	Ḥamāh (Arabic)		huyse-mp-restored			1
eranshahr	Ērānšahr	empire	certain	4	1;6;30	Ἀριανῶν; Ἀριανῶν ἔθνους; τὸ τῶν Ἀριανῶν ἔθνος	Ērān; Ērānšahr	Ērān; Ērānšahr; Ērān šahr				Q83891	http://www.wikidata.org/entity/Q83891	Sasanian Empire	33.0	53.0	wikidata	centroid	Gk. Ἀριανῶν; ethnonym use	Ἀριανοί	VN	119	consistent				huyse-mp-restored;huyse-parthian-restored	no-pleiades		3
flaviopolis-cilicia	Flaviopolis (Kadirli)	settlement	certain	1	26	Φλαυιάδα	Flāwiyās	Flāwiyās	658569	https://pleiades.stoa.org/places/658569	Phlaouiopolis/Flavias	Q85761285	http://www.wikidata.org/entity/Q85761285	Flaviopolis	37.3664785	36.1015675	pleiades	point		Φλαυιάς	ON	168	consistent		Kadirli (Turkish)		huyse-mp-restored			1
galatia	Galatia	province	certain	1	20	Γαλατίας	Galātīniyā	Galātiyā	991393	https://pleiades.stoa.org/places/991393	Galatia	Q1249412	http://www.wikidata.org/entity/Q1249412	Galatia	37.5	32.5	pleiades	centroid		Γαλατία	LN	124	consistent				huyse-mp-restored			1
gay-isfahan	Gay (Jayy, Isfahan)	settlement	probable	1	47	Γη	Gaβ	Gay	902990	https://pleiades.stoa.org/places/902990	Aspadana/(I)Spahan/Gay/Gabai?	Q42053	http://www.wikidata.org/entity/Q42053	Isfahan	32.651067	51.678813	pleiades	point	Gk. Γη; satrapy of l. 47	Γη	ON	125	consistent							0
gedrosia	Makurān (Gedrosia)	region	certain	1	3	Μακαραν	Mak≺u≻rān	Mak≺u≻rān	29573	https://pleiades.stoa.org/places/29573	Gedrosia	Q1348342	http://www.wikidata.org/entity/Q1348342	Gedrosia	26.6083300854	63.895823413	pleiades	point		Μακαρα	LN	146	consistent			mp-emended;parthian-emended	huyse-mp-restored			3
gelan	Gēlān (the Gelae)	people	certain	1	36	Γεληνῶν	Gēlān	Gēlān				Q100396408	http://www.wikidata.org/entity/Q100396408	Gelae	37.2	49.6	approximate	approximate		Γεληνοί	VN	124	consistent					no-pleiades;coords-approximate		2
germania	Germania / Germans	region	certain	3	6;19;21	Γερμανῶν; Γερμανίας	Garmāniyā	Garmāniyā; Garmān	20468	https://pleiades.stoa.org/places/20468	Germania	Q62646	http://www.wikidata.org/entity/Q62646	Germania	52.5	7.5	pleiades	centroid		Γερμανία ; Γερμανοί	LN	124	consistent				huyse-mp-restored			1
germanicia	Germanicia (Kahramanmaraş)	settlement	certain	1	15	Γερμανείκιαν	Garmaniyos	Garmanos	658474	https://pleiades.stoa.org/places/658474	Germanikeia	Q12276937	http://www.wikidata.org/entity/Q12276937	Germanicia	37.5841372	36.9264045	pleiades	point		Γερμανίκια	ON	124	consistent							0
gindaros	Gindaros	settlement	certain	1	13	Γίνδαρον	Gindaros	Gindaros	658475	https://pleiades.stoa.org/places/658475	Gindaros	Q1524909	http://www.wikidata.org/entity/Q1524909	Gindaros	36.384102	36.702106	pleiades	point		Γίνδαρος	ON	125	consistent		Ǧindaris (Arabic)					0
goths	Goths	people	certain	1	6	Γούθθων	Gōt	Gōt	128402	https://pleiades.stoa.org/places/128402	Gothi	Q42193	http://www.wikidata.org/entity/Q42193	Goths	51.0722281267	23.3257206936	pleiades	point		Γοῦθθοι	VN	126	consistent				huyse-mp-restored			1
goyman	*Gō(y)mān	unidentified	unidentified	1	46	Γωμαν	Gō≺y≻mān	*Gō≺y≻mān											Satrapy of l. 46	Γωμαν	ON	127	confirms	Huyse offers no identification.		mp-emended;mp-reconstructed;parthian-emended		no-pleiades;no-wikidata;no-coordinates;identification-unidentified		7
gundeshapur	Weh-Andiyōk-Šābuhr (Gundeshapur)	settlement	certain	1	46	Γουε-αντιοχ-σαβωρ	Weh-Andiyō̆k-Šābuhr	Weh-Andiyōk-Šābuhr	912873	https://pleiades.stoa.org/places/912873	[Jundishapur]/Veh-Andiyok-Shapur/Beth Lapat/Bendosaboron	Q1302971	http://www.wikidata.org/entity/Q1302971	Gundeshapur	32.2804655	48.5176885	pleiades	point		Γουεαντιοχσαβωρ	ON	126	note	Huyse gives no modern identification here; the Gundeshapur equation is argued in the Kommentar.						0
hierapolis-bambyce	Hierapolis Bambyce (Manbij)	settlement	certain	1	11	Ἱεράπολιν	Manbūg	Manbūg	658480	https://pleiades.stoa.org/places/658480	Hierapolis/Bambyke	Q1400802	http://www.wikidata.org/entity/Q1400802	Hierapolis Bambyke	36.526222	37.9555335	pleiades	point		Ἱεράπολις	ON	138	consistent		Manbiǧ (Arabic)		huyse-mp-restored			1
hispania	Hispania	province	certain	1	19	Ἱσπανίας	Ispaniyā	Ispāniyā	1027	https://pleiades.stoa.org/places/1027	Hispania	Q186513	http://www.wikidata.org/entity/Q186513	Hispania	42.5	-7.5	pleiades	centroid		Ἱσπανία	LN	139	consistent							0
hormizd-ardashir	Ohrmezd-Ardašīr (Ahvaz)	settlement	probable	1	4	Ὠρμισδαρταξιρ	Ohrmezd-Ardašīr	Ohrmezd-Ardašīr	912865	https://pleiades.stoa.org/places/912865	Hurmizd Ardashir/[Suq al-Ahwaz]	Q170366	http://www.wikidata.org/entity/Q170366	Ahvaz	31.316712	48.68438	pleiades	point	Huyse: 'ON: Ohrmezd-Ardašīr (?)' - one query mark on the identification.	Ὡρμισδαρταξαρ	ON	170	note	Huyse marks the identification with a question mark.			huyse-query;huyse-parthian-restored		Paškabūr, whose entry carries two query marks (‘n. ON?: Pešāwar (?)’), was downgraded to uncertain in the earlier state of this record; a single query mark lands on probable instead. The record had stood as certain.	2
hyrcania	Gurgān (Hyrcania)	region	certain	1	3	Γουργαν	Wurgān	Gurgān	942333	https://pleiades.stoa.org/places/942333	Varkana/Hyrcania/Gurgan	Q48726	http://www.wikidata.org/entity/Q48726	Hyrcania	37.1	56.3	pleiades	centroid		Γουργαν	LN	126	consistent				huyse-mp-restored			1
iberia-caucasian	Wiružān (Caucasian Iberia)	region	certain	2	2;44	Ἰβηρίαν; Ἰβηρίας	Wiržān	Wiruzān	863807	https://pleiades.stoa.org/places/863807	Iberia (ancient region)	Q19083	http://www.wikidata.org/entity/Q19083	Kingdom of Iberia	41.8387340854	44.6748591442	pleiades	centroid		Ἰβηρία	LN	138	consistent				huyse-mp-restored			1
iconium	Iconium (Konya)	settlement	certain	1	29	Ἰκόνιν	Īkōniyā	Īkōniyā	648647	https://pleiades.stoa.org/places/648647	Iconium/Claudiconium	Q79857	http://www.wikidata.org/entity/Q79857	Konya	37.8724559041	32.4922950123	pleiades	point		Ἰκόνιν	ON	138	consistent		Konya (Turkish)		huyse-mp-restored			1
india	India (Sind, the lower Indus)	region	certain	2	3;34	Ἰνδίαν; Ἰνδίας	Hindestān; Hind	Hindestān; Hind	50004	https://pleiades.stoa.org/places/50004	India	Q17055962	http://www.wikidata.org/entity/Q17055962	India	25.0055857353	68.5447754478	pleiades:59988 Patalene (= Sind)	approximate	Huyse glosses Ἰνδία as 'Sind, Hindestān' (Glossar p. 139) - the lower Indus, not India in the broad Greek sense. Point placed on Pleiades 59988 Patalene (= modern Sind); the 50004 reprPoint is in the central Deccan.	Ἰνδία	LN	139	note	Huyse glosses Ἰνδία as Sind / Hindestān, the lower Indus, not ‘India’ in the broad sense.			huyse-mp-restored	pleiades-record-unlocated	The label and the plotted point both claimed far more than Huyse's gloss. The identifier is left alone because Ἰνδία is the Greek word; the label and the coordinate now say what he says.	2
isauria	Isauria	province	probable	1	20	Συρίας	Isawriyā	Isawriyā	991404	https://pleiades.stoa.org/places/991404	Isauria	Q914218	http://www.wikidata.org/entity/Q914218	Isauria	37.190126	32.24503	wikidata	centroid	The second Συρίας of l. 20; Huyse: probably Isauria	Συρία	LN	164	flags	Huyse reads one of the two l. 20 occurrences of Συρίας as Isauria; the l. 10 Συρίας he reads as Asūrestān, and that line is linked to Asōristān here.			huyse-query;huyse-mp-restored	pleiades-record-unlocated	Huyse confirms the Isauria reading for one of the l. 20 occurrences. The disagreement he also raised was about the l. 10 Συρίας, now re-linked to Asōristān.	3
issus	Issus	settlement	certain	1	24	κατ’ Ἰσὸν	Katis≺s≻os	Katis≺s≻os	658490	https://pleiades.stoa.org/places/658490	Issus/Nikopolis	Q1360503	http://www.wikidata.org/entity/Q1360503	Issus	36.8536681114	36.1570387516	pleiades	point	Gk. κατ’ Ἰσὸν; the Iranian versions treat it as a name	Ἰσός	ON	139	note	Issos was renamed Nikopolis, which bears on the two Νεικόπολις attestations.	Dörtyol → Komm (Turkish)	mp-emended;parthian-emended	huyse-mp-restored;huyse-parthian-restored			4
judaea	Judaea	province	certain	1	21	Ἰουδαίας	Yūdāyā	Yahūdiyā	981527	https://pleiades.stoa.org/places/981527	Iudaea (province)	Q1003997	http://www.wikidata.org/entity/Q1003997	Judaea	32.331417	35.228586	pleiades	centroid		Ἰουδαία	LN	139	consistent							0
katabolos	Katabolos	settlement	uncertain	1	24	Κατάβολον	Katabalā	*Katabalā	658506	https://pleiades.stoa.org/places/658506	Katabolos/Moutloubake				36.908101	35.9885745	pleiades	point	Huyse: 'Lokalisierung und Identifizierung unsicher'. Honigmann/Maricq put it at or near Burnaz, at the mouth of the Burnaz-çayı.	Κατάβολος	ON	142	downgrades	Huyse calls both the identification and the localisation uncertain.		mp-reconstructed	huyse-unlocated;huyse-mp-restored	no-wikidata;identification-uncertain	Huyse queries BOTH the identification and the localisation, so certain becomes uncertain, not merely probable.	5
kushanshahr	Kušānšahr (the Kushan realm)	region	certain	1	3	Κουσηνῶν ἔθνη	Kušānšahr	Kušānšahr				Q25979	http://www.wikidata.org/entity/Q25979	Kushan Empire	34.98333333	69.3	wikidata	centroid		Κουσανοί	VN	143	consistent				huyse-mp-restored;huyse-parthian-restored	no-pleiades		3
laranda	Laranda	settlement	certain	1	29	Λάρανδα	Lārandiyā	Lārandiyā	648693	https://pleiades.stoa.org/places/648693	Laranda	Q138413661	http://www.wikidata.org/entity/Q138413661	Laranda	37.1824925	33.2158195	pleiades	point		Λάρανδα	ON	145	consistent		Karaman (Turkish)		huyse-mp-restored			1
larissa-orontes	Larissa on the Orontes (Shaizar)	settlement	certain	1	14	Σίνζαρα	Sīzar	Sinzar	668292	https://pleiades.stoa.org/places/668292	Larissa/Sizara	Q11931176	http://www.wikidata.org/entity/Q11931176	Larisa in Syria	35.2663435	36.5664463	pleiades	point	Gk. Σίνζαρα = the Syriac name of Larissa	Σίνζαρα	ON	163	confirms	Σίνζαρα = Larissa on the Orontes, modern Qalʿat Šaizar.	Qalʿat Saijar (Arabic)					0
lusitania	Africa (provincia)	province	uncertain	1	19	Λυσιτανίας	Afrikiyā	Afrikē	981504	https://pleiades.stoa.org/places/981504	Africa Proconsularis (Roman province)	Q181238	http://www.wikidata.org/entity/Q181238		32.5	12.5	pleiades	centroid	Huyse: 'Lusitanien (?), wohl für: provincia Africa (?)'. The Greek is a restoration ([-c.3/4-]ταν[ία]ς) and the Iranian gives Afrikiyā / Afrikē.	[-c.3/4-]ταν[ίας]	LN	171	corrects	The Greek is a restoration, and Huyse takes it to stand for provincia Africa rather than Lusitania, matching the Iranian Afrikiyā / Afrikē. Printed in the Glossar’s Appendix, not in the main alphabetical run.			huyse-query;huyse-mp-restored;huyse-lemma-restored	identification-uncertain	Referent moves from Lusitania to provincia Africa, but Huyse queries it twice, so the certainty drops from probable to uncertain.	4
lycaonia	Lycaonia	region	certain	1	20	Λυκαονίας	Likōniyā	Likōniyā	648698	https://pleiades.stoa.org/places/648698	Lycaonia (region)	Q622598	http://www.wikidata.org/entity/Q622598	Lycaonia	37.6358579837	33.32286755	pleiades	point		Λυκαονία	LN	145	consistent				huyse-mp-restored			1
lycia	Lycia	province	certain	1	20	Λυκίας	Lūkiyā	Lūkiyā	638965	https://pleiades.stoa.org/places/638965	Lycia	Q18927	http://www.wikidata.org/entity/Q18927	Lycia	36.6341205843	29.5751352564	pleiades	point		Λυκία	LN	145	consistent				huyse-mp-restored			1
machelonia	Sīgān (Machelonia)	region	probable	1	2	Μαχελονίαν	Sīgān	Sīgān	857224	https://pleiades.stoa.org/places/857224	Makrones/Machelones	Q2396908	http://www.wikidata.org/entity/Q2396908	Machelones	40.7461894962	40.0424808633	pleiades	point	Gk. Μαχελονίαν	Μαχελονία	LN	146	consistent				huyse-mp-restored			1
mallos	Mallus	settlement	probable	1	25	Μαλλὸν	Māl≺l≻os	Māl≺l≻os	648702	https://pleiades.stoa.org/places/648702	Mallos/Antiochia ad Pyramum	Q1425353	http://www.wikidata.org/entity/Q1425353	Mallus	36.756188	35.4852	pleiades	point	Huyse: 'f. ON: Mallos, Lokalisierung unsicher'.	Μαλλός	ON	146	downgrades	Huyse calls the localisation uncertain.		mp-emended;parthian-emended	huyse-unlocated		Name secure, position not: certain becomes probable.	3
margiana	Marw (Margiana)	region	certain	2	3;41	Μαρου; Μάρου	Marγ	Marw	961934	https://pleiades.stoa.org/places/961934	Margiana/Margush/Merv	Q154974	http://www.wikidata.org/entity/Q154974	Margiana	37.6629907303	62.1908007249	pleiades	centroid		Μαρου	LN	146	consistent				huyse-mp-restored			1
mauretania	Mauretania	region	certain	1	21	Μαυριτανίας	Mōrān	Mōrān	1119	https://pleiades.stoa.org/places/1119	Mauretania	Q309272	http://www.wikidata.org/entity/Q309272	Mauretania	32.5	-2.5	pleiades	centroid		Μαυριτανία	LN	146	consistent				huyse-mp-restored			1
mazun	Mazūnšahr (Mazun, Oman)	region	certain	1	3	Μιζουν ἔθνος	Mazūnšahr	Mazūnšahr				Q60788299	http://www.wikidata.org/entity/Q60788299	Mazun (Sasanian province)	23.0	57.5	approximate	approximate		Μιζουν	LN	148	consistent				huyse-mp-restored;huyse-parthian-restored	no-pleiades;coords-approximate		4
media	Māh (Media)	region	certain	1	3	Μαδηνήν	Māδ	Māh	903080	https://pleiades.stoa.org/places/903080	Media/Mad(aya) (region)	Q3853673	http://www.wikidata.org/entity/Q3853673	Media	35.0482414358	48.9193312443	pleiades	point		Μαδηνή	LN	145	consistent				huyse-mp-restored			1
mesene	Mēšān (Mesene / Characene)	region	certain	5	2;34;36;38;44	Μησανηνήν; Μησανηνῶν; Mησανηνῶν; Μησων	Mēšān	Mēšān	912905	https://pleiades.stoa.org/places/912905	Mesene/Characene/Shad Bahman/Maisan	Q1062946	http://www.wikidata.org/entity/Q1062946	Characene	31.4678578238	47.3444711807	pleiades	point	Q1062946 (Mesene / Characene) is preferred here over Q3843570, the Maishan satrapy	Μησανηνή ; Μησανηνοί ; Μησοί	LN	147	consistent				huyse-mp-restored			1
mesopotamia-province	Mesopotamia (Roman province)	province	certain	1	21	Μεσοποταμίας	Maδyānrōdān	Mayānrōdān	991405	https://pleiades.stoa.org/places/991405	Mesopotamia	Q765845	http://www.wikidata.org/entity/Q765845	Mesopotamia	37.0	41.0	wikidata	centroid		Μεσοποταμία	LN	147	consistent				huyse-mp-restored	pleiades-record-unlocated		2
misiche	Misiche	settlement	certain	2	6;8	Μησιχίῃ; Μισιχην	Mišīk	Mišīk	894043	https://pleiades.stoa.org/places/894043	Misiche/Peroz-Shapur/Anbar/Pumbedita/Pallughtha	Q2829204	http://www.wikidata.org/entity/Q2829204	Anbar	33.378611	43.715833	pleiades	point	Renamed Pērōz-Šābuhr after the victory over Gordian III	Μησιχη ; Μισιχη	ON	148	confirms	Misiche = al-Anbār, the same site later called Pērōz-Šābuhr.	al-Anbār → Komm (Arabic)		huyse-mp-restored			1
moesia	Moesia	region	certain	1	19	Μυσίας	Mōsiyā	Mōsiyā	216887	https://pleiades.stoa.org/places/216887	Moesia Inferior	Q199499	http://www.wikidata.org/entity/Q199499	Moesia	42.5	24.5	pleiades	centroid	Huyse: Μυσίας is Moesia, not Mysia.	Μυσία	LN	149	confirms	Μυσίας = Moesia, not Mysia.					Huyse confirms Moesia against the alternative reading Mysia, so probable becomes certain.	0
mopsuestia	Mopsuestia	settlement	certain	1	24	Μομψουεστίαν	Māmāstiyā	*Māmasastiyā	658538	https://pleiades.stoa.org/places/658538	Mopsou(h)estia/Seleukeia pros to Pyramo	Q555923	http://www.wikidata.org/entity/Q555923	Mopsuestia	36.9580404953	35.6223738026	pleiades	point		Μομψουεστία	ON	148	consistent		Yakapınar (Turkish)	mp-reconstructed				1
myon	Myon(polis)	uncertain	uncertain	1	27	Μυῶν	Mīyanpolos	Miyanpolos											Gk. Μυῶν; Cilicia Tracheia coast	Μυώνπολις	ON	149	confirms	The name is Myōnpolis; the localisation is unknown.			huyse-unlocated	no-pleiades;no-wikidata;no-coordinates;identification-uncertain		5
neronias	Neronias / Eirenopolis	settlement	probable	1	26	Νερωνιάδα	Nerōniyās	Nerōniyās	658458	https://pleiades.stoa.org/places/658458	Eirenopolis/Neronias	Q1672605	http://www.wikidata.org/entity/Q1672605	Irenopolis	37.2513675	36.4669675	pleiades	point	Huyse: 'Nerōnias, im 4. Jh. zu Εἰρηνόπολις umbenannt, Lokalisierung unsicher'.	Νερωνιάς	ON	149	downgrades	Huyse calls the localisation uncertain.			huyse-unlocated;huyse-mp-restored		Name secure, position not: certain becomes probable.	2
neyriz	Nīrīz (Neyriz)	settlement	certain	1	50	Νηρηζ	Nīrīz	Nīrīz	29686	https://pleiades.stoa.org/places/29686	Niriz/Narezzash?	Q888715	http://www.wikidata.org/entity/Q888715	Neyriz	29.193851	54.319643	pleiades	point		Νηρηζ	ON	150	consistent							0
nicopolis-cilicia	Nicopolis (İslahiye)	settlement	probable	2	14;26	Νεικόπολιν	Nīkopolos	*Nīkopolos	658547	https://pleiades.stoa.org/places/658547	Nicopolis				37.0262595	36.6325185	pleiades	point	Appears in both the l. 14 and l. 26 lists	Νεικόπολις	ON	149	confirms	Both attestations are the same Nicopolis = İslahiye, matching the Pleiades place given here.	İslāhiye (Turkish)	mp-reconstructed	huyse-mp-restored	no-wikidata		3
noricum	Noricum	province	certain	1	19	Νωρικοῦ	Nīrakos	*Nōrikos	981538	https://pleiades.stoa.org/places/981538	Noricum (province)	Q3878417	http://www.wikidata.org/entity/Q3878417	Noricum	47.5	12.5	pleiades	centroid		Νωρικόν	LN	150	consistent			mp-reconstructed	huyse-mp-restored			2
osrhoene	Osrhoene	region	probable	1	21	Ἀσίας	—-≺-≻	- - - -	658561	https://pleiades.stoa.org/places/658561	Osrhoene	Q237234	http://www.wikidata.org/entity/Q237234		37.25	38.25	pleiades	centroid	Huyse: the second Ἀσίας (grI 23 = corpus Line 21, the row whose Iranian cell is lost) is an error for Osrhoene, not Asia.	Ἀσία	LN	121	corrects	The second Ἀσίας (grI 23 = corpus Line 21, the row whose Iranian cell is ‘- - - -’) is for Huyse an error for Osrhoene, not Asia.		mp-lost;parthian-lost	huyse-error-for;huyse-query;huyse-mp-restored;huyse-iranian-lost		Huyse gives a different referent for the l. 21 occurrence, so it is split off from Asia into its own record.	6
padishkhwargar	Parišxwār (Padishkhwargar, Elburz)	mountain	certain	1	2	Πρεσσουαρ	Parišxwār	Parišxwār				Q7123798	http://www.wikidata.org/entity/Q7123798	Padishkhwargar	36.3	52.0	approximate	approximate	Gk. Πρεσσουαρ ὄρος	Πρεσσουαρ	BN	158	confirms	Parišxwār = the Elburz range (BN = Bergname).			huyse-mp-restored	no-pleiades;coords-approximate		3
pamphylia	Pamphylia	province	probable	1	20	Καμπανίας	Pamfilāyā	*Pamfiliyā	1001913	https://pleiades.stoa.org/places/1001913	Pamphylia	Q585250	http://www.wikidata.org/entity/Q585250	Pamphylia	37.0	31.0	wikidata	centroid	Gk. Καμπανίας; the Iranian versions give Pamfiliyā	Καμπανία	LN	140	confirms	Καμπανίας stands for Pamphylia.		mp-reconstructed	huyse-error-for;huyse-mp-restored	pleiades-record-unlocated		4
pannonia	Pannonia	province	certain	1	19	Παννονίας	Pannaniyā	Pannaniyā	1001905	https://pleiades.stoa.org/places/1001905	Pannonia	Q170062	http://www.wikidata.org/entity/Q170062	Pannonia	47.5	17.5	pleiades	centroid		Παννονία	LN	154	consistent				huyse-mp-restored			1
paradene	Pār(a)dān (Paradene)	region	certain	1	3	Παραδηνήν	Pār≺a≻dān	Pār≺a≻dān	60621	https://pleiades.stoa.org/places/60621	Paradene	Q3895318	http://www.wikidata.org/entity/Q3895318	Paradan	28.0	65.5	approximate	approximate		Παραδηνή	LN	155	consistent			mp-emended;parthian-emended	huyse-mp-restored	coords-approximate;pleiades-record-unlocated		5
parthia	Pahlaw (Parthia)	region	certain	2	2;30	Παρθίαν; Παρθίᾳ	Parθaw	Pahlaw	952097	https://pleiades.stoa.org/places/952097	Parthyene/Parthia	Q1645483	http://www.wikidata.org/entity/Q1645483	Parthia	38.5	57.5	pleiades	centroid		Παρθία	LN	155	consistent				huyse-mp-restored;huyse-parthian-restored			2
peroz-shapur	Pērōz-Šābuhr (Pirisabora, Anbar)	settlement	certain	2	4;8	Πηρωσ-σαβουρ	Pērōz-Šābuhr	Pērōz-Šābuhr	894043	https://pleiades.stoa.org/places/894043	Misiche/Peroz-Shapur/Anbar/Pumbedita/Pallughtha	Q2829204	http://www.wikidata.org/entity/Q2829204	Anbar	33.378611	43.715833	pleiades	point	The same site as Misiche, renamed	Πηρωσσαβουρ	ON	157	confirms	Pērōz-Šābuhr is the renamed Misikhē, the same site (al-Anbār).			huyse-mp-restored;huyse-parthian-restored			2
persis	Pārs (Persis)	region	certain	3	2;22;30	Περσίδα; Περσίδει	Pārs	Pārs	922698	https://pleiades.stoa.org/places/922698	Persis/Pars	Q3746183	http://www.wikidata.org/entity/Q3746183	Persis	30.1033729435	52.491334576	pleiades	point		Περσίς	LN	156	consistent				huyse-mp-restored;huyse-parthian-restored			2
phoenice	Phoenice (province)	province	certain	1	21	Φοινείκης	Fonikāyā	Fōnikiyā	991410	https://pleiades.stoa.org/places/991410	Phoenice	Q11950672	http://www.wikidata.org/entity/Q11950672	Syria Phoenice	33.268888888	35.216388888	wikidata	centroid		Φοινείκη	LN	168	consistent					pleiades-record-unlocated		1
phreata	Phreata	uncertain	uncertain	1	17	Φρέατα	Frāt	Frāt	622168	https://pleiades.stoa.org/places/622168	Phreata								Pleiades: BAtlas 63 unlocated Phreata; fits the l. 17 sequence	Φρέατα	ON	168	note	The name is secure (Ptol. V 6, 14); the localisation is uncertain.			huyse-unlocated;huyse-mp-restored	no-wikidata;no-coordinates;pleiades-record-unlocated;identification-uncertain		6
phrygia	Phrygia	province	certain	1	20	Φρυγίας	Frūgāyā	Frūgē	981543	https://pleiades.stoa.org/places/981543	Phrygia	Q16142051	http://www.wikidata.org/entity/Q16142051	Phrygia	37.5	32.5	pleiades	centroid		Φρυγία	LN	168	consistent							0
purushapura	Paškabūr (Purushapura, Peshawar)	settlement	uncertain	1	3	Πασκιβουρων	Paškabūr	Paškabūr	569531631	https://pleiades.stoa.org/places/569531631	Peshawar	Q1113311	http://www.wikidata.org/entity/Q1113311	Peshawar	34.0123846	71.5787458	pleiades	point	Huyse: 'n. ON?: Pešāwar (?)' - he queries both the class and the identification.	Πασκίβουρα	ON	156	downgrades	Huyse marks both the class (ON?) and the identification (Pešāwar ?) as uncertain.			huyse-query;huyse-mp-restored	identification-uncertain	Two query marks in the Glossar: certain becomes uncertain.	3
raetia	Raetia	province	certain	1	19	Ῥετίας	Rēšiyā	Rēšiyā	991348	https://pleiades.stoa.org/places/991348	Raetia	Q156789	http://www.wikidata.org/entity/Q156789	Raetia	47.36	8.56	wikidata	centroid		Ῥετία	LN	159	consistent				huyse-mp-restored	pleiades-record-unlocated		2
rakundiya	Rākūndiyā	unidentified	unidentified	1	29	Ῥακουνδιαν	Rākūndiyā	Rākūndiyā											Gk. Ῥακουνδιαν (l. 29)	Ῥακουνδία	ON	159	confirms	Huyse offers no identification.			huyse-unlocated;huyse-mp-restored	no-pleiades;no-wikidata;no-coordinates;identification-unidentified		6
raphanea	Raphanea	settlement	certain	1	12	Ῥεφανέαν	Refaniyos	*Refaniyos	668350	https://pleiades.stoa.org/places/668350	Raphaneai	Q571417	http://www.wikidata.org/entity/Q571417	Rhaphanaea	34.966351	36.39298	pleiades	point		Ῥεφανέα	ON	159	consistent		Rafnīye (Arabic)	mp-reconstructed	huyse-mp-restored			2
rhagae	Ray (Rhagae)	settlement	certain	1	50			Ray	903104	https://pleiades.stoa.org/places/903104	Rhaga(i)/Europos/Arsakia/Ray	Q636188	http://www.wikidata.org/entity/Q636188	Ray	35.594267	51.447163	pleiades	point	Only in the Iranian versions				no Glossar lemma	Ray is named only in the Parthian and Middle Persian versions (l. 50); there is no Greek lemma, so the Glossar has no entry for it.		greek-absent;parthian-absent	huyse-no-entry		Ray is named only in the Parthian and Middle Persian of l. 50, so there is no Greek lemma for Glossar 2.3 to carry.	3
rhodes	Rhodes	island	uncertain	1	21	Λυδίας	Rōdōs	Rōdōs	590031	https://pleiades.stoa.org/places/590031	Rhodos (island)	Q43048	http://www.wikidata.org/entity/Q43048	Rhodes	36.1791104437	27.9720762659	pleiades	point	Gk. Λυδίας (Lydia) vs Parth./MP Rōdōs; Huyse reads Rhodes	Λυδία	LN	145	confirms	Λυδίας stands for Rhodes — Huyse: ‘wohl fehlerhaft für Rhodos’.			huyse-error-for;huyse-mp-restored	identification-uncertain		3
rind	Rind	unidentified	unidentified	1	48	Ῥινδ	Rind	Rind											Satrapy of l. 48	Ῥινδ	ON	159	confirms	Huyse offers no identification or localisation.				no-pleiades;no-wikidata;no-coordinates;identification-unidentified		4
roman-empire	Roman Empire / Romans	empire	certain	8	6;7;9;10;24;30	Ῥωμαίων; Ῥωμαίων ἀρχῆς; Ῥωμαῖοι	Frōmāyīn; Frōm	Hrōmāyin; Hrōmāyīn; Hrōm				Q2277	http://www.wikidata.org/entity/Q2277	Roman Empire	41.9	12.5	wikidata	centroid		Ῥωμαῖοι	VN	160	consistent				huyse-mp-restored;huyse-parthian-restored	no-pleiades		3
sakastan	Sagestān (Sakastan)	region	certain	6	3;34;37;38;41	Σεγιστανήν; Σεγιστηνῆς; Σεγιστηνῶν; Σεγιστανῶν; Σιγαν	Sagestān; Sagān	Sagestān; Sagān	60026	https://pleiades.stoa.org/places/60026	Sakastan(e)	Q3945171	http://www.wikidata.org/entity/Q3945171	Sakastan	30.4089386102	63.265811221	pleiades	point		Σεγιστανή ; Σεγιστηνή ; Σεγιστανοί ; Σεγιστηνοί ; Σιγαν	LN	162	consistent							0
samosata	Samosata	settlement	certain	1	24	Σαμόσατα	Šamšāt	Šamīšāt	658587	https://pleiades.stoa.org/places/658587	Samosata	Q1026347	http://www.wikidata.org/entity/Q1026347	Samosata	37.525756	38.530357	pleiades	point		Σαμόσατα	ON	160	consistent		Samsat (Turkish)					0
satala	Satala	settlement	certain	1	16	Σάταλα	Sātal	Sātal	874684	https://pleiades.stoa.org/places/874684	Satala	Q2211116	http://www.wikidata.org/entity/Q2211116	Satala	40.02789515	39.59791835	pleiades	point		Σάταλα	ON	161	consistent		Sadak (Turkish)		huyse-mp-restored			1
sebaste-lycaonia	Sebasteia (Sivas)	settlement	certain	1	29	Σηβάστιαν	Sebastiyā	Sebastiyā	629075	https://pleiades.stoa.org/places/629075	Sebasteia/Megalopolis?/Talaura?	Q107401	http://www.wikidata.org/entity/Q107401		39.7490195	37.016607	pleiades	point	Huyse: (für Σεβάστεια) Sebasteia, h. türk. Sivas. Distinct from the Cilician Sebaste of l. 25.	Σεβάστια	ON	162	resolves	The l. 29 occurrence is Sebasteia, modern Sivas, not a Lycaonian Sebaste.	Sivas (Turkish)				The l. 29 Sebaste had been left open; Huyse names Sebasteia/Sivas unhedged.	0
seleucia-calycadnum	Seleucia ad Calycadnum (Silifke)	settlement	certain	1	27	Σελεύκιαν	Sardiyāb	Selūkiyā	648771	https://pleiades.stoa.org/places/648771	Seleucia ad Calycadnum/Tracheia	Q11948139	http://www.wikidata.org/entity/Q11948139	Seleuceia in Cilicia	36.379274	33.9214625	pleiades	point		Σελεύκια	ON	162	resolves	Of the two grI 15 occurrences (corpus Lines 13 and 14) one is Seleukeia Pieria, the other Seleucia ad Belum (Seleukobelos), whose localisation is disputed; grI 31 (Line 27) is Seleucia ad Calycadnum / Silifke.			huyse-unlocated;huyse-mp-restored		Huyse’s three-way split leaves this record as it stands: grI 31 in corpus Line 27 is Seleucia ad Calycadnum / Silifke.	2
seleucia-other	Seleucia ad Belum (Seleukobelos)	settlement	probable	1	14	Σελεύκιαν	Selūkiyā	Selūkiyā	668364	https://pleiades.stoa.org/places/668364	Seleukobelos?	Q138338314	http://www.wikidata.org/entity/Q138338314		35.83691	36.328006	pleiades	point	Huyse: of the two grI 15 occurrences one is Seleukeia Pieria, the other 'wohl Σελευκόβηλος, Seleucia ad Belum, aber Lokalisierung umstritten'.	Σελεύκια	ON	162	resolves	Of the two grI 15 occurrences (corpus Lines 13 and 14) one is Seleukeia Pieria, the other Seleucia ad Belum (Seleukobelos), whose localisation is disputed; grI 31 (Line 27) is Seleucia ad Calycadnum / Silifke.			huyse-unlocated;huyse-mp-restored		The record had this as ‘the other Seleucia’; Huyse names Seleukobelos but calls the localisation disputed, so probable rather than certain.	2
seleucia-pieria	Seleucia Pieria	settlement	certain	1	13	Σελεύκιαν	Selūkiyā	Selūkiyā	658483	https://pleiades.stoa.org/places/658483	Hydatos Potamoi/Seleukeia Pieria	Q1605894	http://www.wikidata.org/entity/Q1605894	Seleucia Pieria	36.1212645	35.9285965	pleiades	point	Not Seleucia-on-the-Tigris (Q1136681), which an earlier linking had used	Σελεύκια	ON	162	resolves	Of the two grI 15 occurrences (corpus Lines 13 and 14) one is Seleukeia Pieria, the other Seleucia ad Belum (Seleukobelos), whose localisation is disputed; grI 31 (Line 27) is Seleucia ad Calycadnum / Silifke.			huyse-unlocated;huyse-mp-restored		Huyse’s three-way split leaves this record as it stands: grI 15 in corpus Line 13 is Seleukeia Pieria.	2
selinus-cilicia	Selinus (Cilicia)	settlement	certain	1	27	Σελινοῦν	Selīnūs	Selīnūs	648772	https://pleiades.stoa.org/places/648772	Selinous/Traianopolis	Q1424724	http://www.wikidata.org/entity/Q1424724	Selinus	36.258509	32.282734	pleiades	point		Σελινοῦς	ON	163	consistent		Gazipaşa (Turkish)					0
shahrkerd	Šahrkerd	unidentified	unidentified	1	47	Σαρακάρτων	Šahrkerd	Šahrkerd											Castle of l. 47	Σαράκαρτα	ON	161	confirms	Huyse offers no identification or localisation.				no-pleiades;no-wikidata;no-coordinates;identification-unidentified		4
sogdiana	Sugd (Sogdiana)	region	certain	1	3	Σωδικηνῆς	Suγd	Sugd	60058	https://pleiades.stoa.org/places/60058	Sogdiana	Q486244	http://www.wikidata.org/entity/Q486244	Sogdia	38.9571055737	66.8077372132	pleiades	point		Σωδικηνή	LN	165	consistent				huyse-mp-restored			1
sud	Šūd	unidentified	unidentified	1	17	Σουιδ	Šūd	Šūd											Gk. Σουιδ (l. 17)	Σουιδ	ON	163	confirms	Huyse offers no identification.			huyse-unlocated;huyse-mp-restored	no-pleiades;no-wikidata;no-coordinates;identification-unidentified		6
suissa	Suissa	settlement	probable	1	17	Σουισαν	Sūš	Sūš	860859	https://pleiades.stoa.org/places/860859	Untitled								Gk. Σουισαν; BAtlas 87 unlocated Suissa. Not Susa in Iran (Q180773)	Σουισα	ON	163	confirms	Σουισαν is Souisa in Armenia Minor (probably Kelkit/Çiftlik), not Susa in Iran.	Kelkit (Turkish)		huyse-unlocated;huyse-mp-restored	no-wikidata;no-coordinates;pleiades-record-unlocated		5
sura-syria	Sura (Syria)	settlement	certain	1	11	Σοῦραν	Sūrā	Sūrā	668376	https://pleiades.stoa.org/places/668376	Soura	Q15130851	http://www.wikidata.org/entity/Q15130851	Sura	35.8973992504	38.779523193	pleiades	point		Σοῦρα	ON	163	consistent		Sūriya (Arabic)		huyse-mp-restored			1
susiana	Xūzestān (Susiana)	region	certain	2	2;30	Οὑζηνήν; Οὐζηνῇ	Xūzestān	Xūzestān	912843	https://pleiades.stoa.org/places/912843	Elymais/Susiana	Q2369687	http://www.wikidata.org/entity/Q2369687	Susiana	32.3274812687	48.503006879	pleiades	point	The Pleiades entry is Elymais/Susiana	Οὑζηνή	LN	153	consistent				huyse-mp-restored			1
syria-province	Syria (Roman province)	province	certain	2	20;23	Συρίας	Sūriyā	Sūriyā	981550	https://pleiades.stoa.org/places/981550	Syria (Roman imperial province)	Q207118	http://www.wikidata.org/entity/Q207118	Roman Syria	36.2	36.15	wikidata	centroid		Συρία	LN	164	flags	Huyse reads grI 11 (corpus Line 10, Parth. ʾswryʾ) as Assyrien / Asūrestān, so that line is linked to Asōristān here; the Roman province keeps the l. 20 and l. 23 occurrences.			huyse-query;huyse-mp-restored	pleiades-record-unlocated	Settled on the other side of the disagreement: the l. 10 Συρίας is now linked to Asōristān, which is how Huyse reads grI 11. The Roman province keeps l. 20.	3
tarsus	Tarsus	settlement	certain	1	25	Ταρσὸν	Tarsos	Tarsos	648789	https://pleiades.stoa.org/places/648789	Tarsus/Antiochia ad Cydnum	Q134287	http://www.wikidata.org/entity/Q134287	Tarsus	36.9140431341	34.8964666589	pleiades	point		Ταρσός	ON	165	consistent		Tarsus (Turkish)					0
thracia	Thracia	province	certain	1	20	Θρᾳκίας	Trākiyā	Trākiyā	501638	https://pleiades.stoa.org/places/501638	Thracia	Q41741	http://www.wikidata.org/entity/Q41741	Thrace	41.5178303653	26.9624137954	pleiades	point		Θρακία	LN	137	consistent				huyse-mp-restored			1
turan	Tūrān	region	certain	2	3;34	Τουρηνήν; Τουρηνῆς	Tuγrān; Turγestān	Tūrān; Tūrestān	866200565	https://pleiades.stoa.org/places/866200565	Turan	Q7853685	http://www.wikidata.org/entity/Q7853685	Turan	27.8	66.6	approximate	approximate		Τουρηνή	LN	166	consistent				huyse-mp-restored	coords-approximate;pleiades-record-unlocated		3
tyana	Tyana	settlement	certain	1	28	Τύανα	Tūyanā	Tīyanā	648801	https://pleiades.stoa.org/places/648801	Tyana/Col. Aurelia Antoniniana	Q1423615	http://www.wikidata.org/entity/Q1423615	Tyana	37.823151	34.57222	pleiades	point		Τύανα	ON	167	consistent		Kemerhisar (Turkish)					0
urima	Urima	settlement	probable	1	12	Οὐριμα	Urnā	Umā	658562	https://pleiades.stoa.org/places/658562	Ourima/Antiochia ad Euphratem/Arulis				37.110367	37.86555	pleiades	point	Huyse: 'Urima, Lokalisierung unsicher'. The point used is Dodgeon/Lieu's Horum Höyük, not a localisation Huyse himself endorses.	Οὔρινα	ON	153	note	The localisation is uncertain; the Pleiades point given here is Dodgeon and Lieu’s ‘Horum Höyük’.			huyse-unlocated;huyse-mp-restored	no-wikidata	Name secure, position not: certain becomes probable, in step with Mallus and Neronias, which were downgraded on exactly this wording.	3
weh-ardashir	Weh-Ardašīr	settlement	uncertain	1	49	Γυε-αρταξάρων	Weh-Ardašīr	Weh-Ardašīr	894178	https://pleiades.stoa.org/places/894178	Veh Ardashir/Coche/Mahoza/‘Seleucia’	Q18358552	http://www.wikidata.org/entity/Q18358552	Veh-Ardashir	33.095178225	44.52098595	pleiades	point	The Ctesiphon-area Weh-Ardashir is assumed; the Kermān Weh-Ardashir (Bardsir, Pleiades 29802) is an alternative	Γυεαρτάξαρα	ON	127	note	Huyse gives no localisation in the Glossar; the place stays uncertain between the Ctesiphon area and the Kermān site.				identification-uncertain		1
xanar	Xānar	unidentified	unidentified	1	16	Χαναρ	Xā̆nar	Xānar											Gk. Χαναρ (l. 16)	Χαναρ	ON	169	confirms	Huyse offers no identification.			huyse-unlocated;huyse-mp-restored	no-pleiades;no-wikidata;no-coordinates;identification-unidentified		6
zephyrion	Zephyrion (Mersin)	settlement	certain	1	25	Ζεφύριν	Zefīrōn	Zefīrōn	648809	https://pleiades.stoa.org/places/648809	Zephyrion				36.299	34.045	pleiades	point		Ζεφύριν	ON	136	consistent		İçel (Turkish)		huyse-mp-restored	no-wikidata		2
zeugma	Zeugma	settlement	certain	1	12	Ζεῦγμα	Zōmā	Zōmā	658636	https://pleiades.stoa.org/places/658636	Zeugma	Q196987	http://www.wikidata.org/entity/Q196987	Zeugma	37.0577331987	37.8702201109	pleiades	point		Ζεῦγμα	ON	135	consistent		Belkis (Turkish)		huyse-mp-restored			1
